Editeur,Forme juridique,Département,Service,url,Qualification,Numéro CPPAP
1000RC,SAS,75,1000rcinfo.com,http://www.1000rcinfo.com,,0330 W 95411
12ACTU.COM,SARL,12,12actu.com,http://www.12actu.com,IPG,0927 Y 95488
15-38 RESEAU MED,Association,13,1538mediterranee.com,https://www.1538mediterranee.com/,39bisA,0927 Z 93926
MILAN PRESSE,SAS,31,1jour1actu.com,https://www.1jour1actu.com/,IPG,0629 Y 91410
20 MINUTES FRANCE,SAS,92,20minutes.fr,http://www.20minutes.fr,IPG,0926 Y 90074
22-M,SAS,13,22-med.com,http://www.22-med.com,39bisA,0926 Z 95330
INSTITUT NATIONAL DE LA CONSOMMATION,EPIC,92,60millions-mag.com,http://www.60millions-mag.com,,0928 W 91595
7 JOURS LES PETITES AFFICHES DE BRETAGNE,SAS,35,7jours.fr,http://www.7jours.fr,,1130 W 94368
Zinfos 974,SARL,97,7mag.re,https://www.7mag.re/,,1127 W 94111
MINGEAU MICKAEL (83-629),Micro-entrepreneur,75,83-629.fr,http://www.83-629.fr,,0326 X 95417
SOCIETE GUYANAISE DE PRESSE,SARL,97,97-news.com,https://www.97-news.com/,IPG,1129 Y 95030
G+G MEDIA GROUPE,SAS,75,a3dm-magazine.fr,http://www.a3dm-magazine.fr,39bisB,0326 X 94491
EDP SCIENCES,SAS,91,aanda.org,https://www.aanda.org,39bisB,0529 X 91359
ÀBLOCK!,SAS,95,ablock.fr,https://ablock.fr/,,0327 W 94185
NEWS TANK EDUCATION,SAS,75,academic.newstank.eu,https://academic.newstank.eu/tour,,0127 W 95394
ACHATPUBLIC.COM,SASU,94,achatpublic.info,http://www.achatpublic.info,39bisB,0930 X 91948
EDITIONS AVENIR CONSTRUCTION,SARL,75,acpresse.fr,http://www.acpresse.fr,39bisB,0627 X 94932
ACTION CRITIQUE MEDIA,Association,75,acrimed.org,http://www.acrimed.org,,0329 W 92251
SOCIETE D'EDITION PUBLIQUE,SAS,92,acteurspublics.fr,https://www.acteurspublics.fr,IPG,0128 Y 91661
ACTION AGRICOLE PICARDE,SARL,80,action-agricole-picarde.com,http://www.action-agricole-picarde.com,39bisB,0631 X 93566
EDITIALIS,SASU,92,actionco.fr,https://www.actionco.fr/,,0131 W 90475
EDITIONS DALLOZ,SAS,92,actu.dalloz-etudiant.fr,http://actu.dalloz-etudiant.fr,,0127 W 91226
PUBLIHEBDOS,SAS,35,actu.fr,https://actu.fr,IPG,0627 Y 93442
GLSJ COMMUNICATION,EURL,75,actu15-25.com,http://www.actu15-25.com,39bisB,0528 X 90642
LES EDITIONS ACTU17,SAS,75,actu17.fr,https://actu17.fr,39bisA,1129 Z 93850
ACTU 44,Association,44,actu44.fr,http://www.actu44.fr,,1126 W 92737
LAMY LIAISONS,SAS,93,actualitesdudroit.fr,http://www.actualitesdudroit.fr,39bisB,1126 X 93240
GLSJ COMMUNICATION,EURL,75,actubaby.com,http://www.actubaby.com/,39bisB,0528 X 90133
Editions FATON,SAS,21,actu-culture.com,http://www.actu-culture.com,39bisB,0627 X 94933
EDITIONS LEGISLATIVES,SASU,92,actuel-ce.fr,http://www.actuel-ce.fr,,0127 W 90303
EDITIONS LEGISLATIVES,SASU,92,actuel-direction-juridique.fr,http://www.actuel-direction-juridique.fr,,1126 W 92534
EDITIONS LEGISLATIVES,SASU,92,actuel-expert-comptable.fr,http://www.actuel-expert-comptable.fr,,0127 W 90306
EDITIONS LEGISLATIVES,SASU,92,actuel-hse.fr,http://actuel-hse.fr,,0127 W 90304
EDITIONS LEGISLATIVES,SASU,92,actuel-rh.fr,http://www.actuel-rh.fr,,0127 W 90305
COGITERRA,SAS,75,actu-environnement.com,http://www.actu-environnement.com,39bisA,1226 Z 90078
MEDIALAND,SAS,06,actufoot.com,http://www.actufoot.com,,0326 W 95268
NET SQUARE DIGITAL,SAS,75,actuia.com,http://www.actuia.com,39bisB,0726 X 95459
LEXTENSO,SA,92,actu-juridique.fr,http://www.actu-juridique.fr,39bisB,0726 X 93979
GLSJ COMMUNICATION,EURL,75,actukids.com,http://www.actukids.com/,39bisB,0528 X 90134
ACTUS LIM,SARL,19,actus-limousin.fr,http://www.actus-limousin.fr,39bisA,0526 Z 94900
SUPPLY CHAIN MAGAZINE,SAS,57,actu-transport-logistique.fr,http://www.actu-transport-logistique.fr,39bisB,0328 X 93334
VISION PLURIELLE,SAS,75,acuite.fr,http://www.acuite.fr,,0327 W 92669
LES PUBLICATIONS CONDE NAST,SASU,75,admagazine.fr,http://www.admagazine.fr,,0527 W 94906
AEFC,SAS,75,aefinfo.fr,http://www.aefinfo.fr,39bisB,0526 X 92311
AEROBUZZ.FR,SARL,69,aerobuzz.fr,http://www.aerobuzz.fr,,0527 W 90653
AEROSPATIUM,SAS,31,aerospatium.info,https://www.aerospatium.info,,0528 W 93066
E.EDITION,SASU,69,afa-info.com,https://www.afa-info.com/,39bisA,0331 Z 94239
COMPAGNIE DES MÉDIAS ET PUBLICATIONS RHÔNE-ALPES - COMPRA,SAS,38,affiches.fr,http://www.affiches.fr,IPG,0930 Y 94316
LES PETITES AFFICHES BEARNAISES ET DES PYRENEES-ATLANTIQUES,SAS,64,affiches64.com,http://www.affiches64.com,,1030 W 95350
IMPRIMERIE NOUVELLE 03,SAS,03,affichesallier.org,https://affichesallier.org,,1126 W 93789
AFRICA MEDIA GROUP,SASU,75,africabusinessplus.com,https://www.africabusinessplus.com,39bisB,0529 X 93402
INDIGO PUBLICATIONS,SAS,75,africaintelligence.fr,http://www.africaintelligence.fr,IPG,0527 Y 90644
Neuelt GmbH,Micro-entrepreneur,__,afrik-view.com,https://afrik-view.com/,,0126 W 95252
Afrique XXI,Association,75,afriquexxi.info,https://afriquexxi.info/,IPG,1127 Y 94739
AGEFI,SAS,75,agefi.fr,http://www.agefi.fr,,0530 W 90533
PUBLICATIONS AGORA FRANCE,SARL,75,Agora bourse PRO - Newsletter,Agora bourse PRO - Newsletter,,0528 W 93086
PUBLICATIONS AGORA FRANCE,SARL,75,Agora Trading Lab - Newsletter,Agora Trading Lab - Newsletter,,0328 W 94499
AGRA,SAS,14,AGRA BUSINESS - NewsLetter,http://www.AGRA BUSINESS - NewsLetter,39bisB,0626 X 95314
AGRA,SAS,14,Agra europe express - NewsLetter,Agra europe express - NewsLetter,,1128 W 93230
AGRA,SAS,14,agra.fr,http://www.agra.fr,,0129 W 93827
FJC EDITION,SAS,53,agri53.fr,http://www.agri53.fr,39bisB,0130 X 94143
Société d’Éditions et de Publicités Agricoles de Saône-et-Loire - SEPASAL,SARL,71,agri71.fr,http://agri71.fr,39bisB,0628 X 93717
AGRI ARDENNES,SARL,08,agriardennes.fr,https://www.agriardennes.fr,39bisB,0128 X 95051
SEP DE BOURGOGNE,SARL,21,agribourgogne.fr,https://www.agribourgogne.fr,39bisB,0928 X 93762
AGRI CITY INFOS,SAS,92,agri-city.info,http://www.agri-city.info,39bisB,1028 X 94136
SOCIETE DES EDITIONS TECHNIQUES ET AGRICOLES DE L'AISNE,SA,02,agriculteur-aisne.com,http://www.agriculteur-aisne.com,,0326 W 94503
SAECNO,SARL,14,agriculteur-normand.com,http://www.agriculteur-normand.com,39bisB,1130 X 92887
SOCIETE DES EDITIONS DE L'AGRICULTURE DROMOISE,SARL,26,agriculture-dromoise.fr,http://www.agriculture-dromoise.fr,39bisB,0630 X 92747
NEWS TANK AGRO,SAS,75,agro.newstank.fr,http://agro.newstank.fr,,0626 W 95319
GROUPE FRANCE AGRICOLE,SAS,93,agrodistribution.fr,http://www.agrodistribution.fr,39bisB,0127 X 94808
AIR JOURNAL,SAS,75,air-journal.fr,https://www.air-journal.fr,,1129 W 93232
AIWEN,SARL,91,airsdeparis.fr,http://www.airsdeparis.fr,,1126 W 94694
L'AISNE NOUVELLE,SA,02,aisnenouvelle.fr,https://www.aisnenouvelle.fr/,IPG,0631 Y 90287
AKTIONNAIRE,SAS,92,Aktionnaire - Newsletter,Aktionnaire - Newsletter,39bisB,0926 X 95489
PUBLICATIONS AGORA FRANCE,SARL,75,Alerte Innovations - NewsLetter,Alerte Innovations - NewsLetter,,0327 W 94202
PUBLICATIONS AGORA FRANCE,SARL,75,Alerte Insider - Newsletter,Alerte Insider - Newsletter,,0529 W 94914
ALETEIA,SAS,75,aleteia.org,http://aleteia.org,IPG,1027 Y 93067
SAECA,SARL,03,allier-agricole.com,http://www.allier-agricole.com,39bisA,0527 Z 94918
ALPES DEVELOPPEMENT,SARL,69,alpesdusud.alpes1.com,http://alpesdusud.alpes1.com,39bisA,0531 Z 95306
AMYLC,SAS,05,alpes-et-midi.fr,http://www.alpes-et-midi.fr,IPG,0327 Y 94836
ALPINE,SARL,38,alpinemag.fr,http://www.alpinemag.fr,,0130 W 94186
CANAL SUD CORSICA,SAS,20,alta-frequenza.corsica,http://www.alta-frequenza.corsica,,0626 W 94611
SANTE PORT ROYAL - GINKGO MEDIA,SASU,75,alternativesante.fr,http://www.alternativesante.fr,,0330 W 92655
ALTERNATIVES ECONOMIQUES SCOP,SCOP,21,alternatives-economiques.fr,http://www.alternatives-economiques.fr,IPG,0130 Y 90620
INFORMATION PLURALISME DEBAT CITOYEN,Association,68,alterpresse68.info,http://www.alterpresse68.info,,0327 Y 94216
GROUPE MONITEUR,SAS,94,amc-archi.com,https://www.amc-archi.com/,39bisB,0130 X 92590
L'AMI DU PEUPLE,SAS,67,ami-hebdo.com,http://www.ami-hebdo.com,IPG,1130 Y 94415
Galene media,SASU,28,anapath-mag.fr,http://www.anapath-mag.fr,39bisB,0930 X 95492
AGORA MEDIAS,SAS,75,anews-mobility.fr,http://www.anews-mobility.fr,,0630 W 95133
NetPrestation,SARL,49,angers.villactu.fr,http://www.angers.villactu.fr,IPG,0130 Y 94816
INFAGRI49,SA,49,anjou-agricole.com,http://www.anjou-agricole.com,39bisB,1128 X 93792
COMPO ECHOS,SARL,33,annonces-landaises.com,http://www.annonces-landaises.com,,1130 W 94372
ANTILLA PRODUCTION,SARL,97,antilla-martinique.com,https://antilla-martinique.com/,IPG,0529 Y 94923
AOC,SAS,75,aoc.media,https://aoc.media,IPG,0330 Y 93613
APM International,SAS,75,apmmarketaccess.com,https://www.apmmarketaccess.com/,,0326 W 93876
APM International,SAS,75,apmnews.com,http://www.apmnews.com,,0626 W 92362
BAYARD,SA,92,App' I love english news,App' I love english news,,0530 W 95439
NOUVEL AQUI ! PRESSE,SAS,33,aqui.fr,http://www.aqui.fr,IPG,0527 Y 90418
IPD,SAS,94,argusdelassurance.com,http://www.argusdelassurance.com,,0327 W 90085
ECONOMIE MATIN SAS,SAS,78,armees.com,https://armees.com/,,0626 W 95315
SOCIETE FRANCO ARMENIENNE DE PRESSE ET DE COMMUNICATION (SFAPC),SARL,75,armenews.com,http://www.armenews.com,IPG,0428 Y 93656
ARRET SUR IMAGES - LOUBIANA,SAS,75,arretsurimages.net,http://www.arretsurimages.net,IPG,0327 Y 90103
EDITO,SARL,57,artcritic.com,http://www.artcritic.com,39bisB,0526 X 95440
ARTISTE DE France,SAS,34,artistes-occitanie.fr,http://www.artistes-occitanie.fr,,0126 W 95238
ART PRESS,SARL,59,artpress.com,http://www.artpress.com,39bisB,0331 X 94481
ARTS ET METIERS MULTIMEDIA,SASU,75,artsetmetiers-mag.fr,http://artsetmetiers-mag.fr,39bisB,0129 X 95239
SCML MEDIAS,SARL,14,artshebdomedias.com,http://www.artshebdomedias.com,,0326 W 91303
GROUPE MONITEUR,SAS,94,associationmodeemploi.fr,https://www.associationmodeemploi.fr,39bisA,0328 Z 91662
ASSOCIATION SCIENTIFIQUE ET TECHNIQUE POUR L'EAU ET L'ENVIRONNEMENT,Association,92,astee-tsm.fr,https://astee-tsm.fr,,0428 W 92616
TALMONT MEDIA,SAS,75,atlantico.fr,http://www.atlantico.fr,IPG,0328 Y 90775
Au Coeur Des Villes - ACDV,SAS,75,aucoeurduchr.fr,http://www.aucoeurduchr.fr,,0129 W 94010
AUFEMININ,SAS,92,aufeminin.com,http://www.aufeminin.com,,0330 W 95078
GRAND GARAGE,SASU,75,auposte.fr,https://www.auposte.fr/,IPG,1129 Y 95014
AUTOACTU POINT COM,SAS,75,autoactu.com,http://www.autoactu.com,,0228 W 90727
AUTO HEBDO EDITION - AHE,SAS,92,autohebdo.fr,http://www.autohebdo.fr,,1130 W 92384
EDITIONS TECHNIQUES POUR L'AUTOMOBILE ET L'INDUSTRIE (ETAI),SAS,92,auto-infos.fr,https://www.auto-infos.fr,39bisB,1129 X 90120
EDITIONS REWORLD AXEL SPRINGER,SNC,92,autojournal.fr,http://www.autojournal.fr,,0328 W 95081
LS MEDIANORD SANSON,EIRL,59,auto-mag.fr,https://www.auto-mag.fr,,1129 W 91592
UPSIDE DOWN MEDIA,SASU,75,automobile-magazine.fr,http://www.automobile-magazine.fr,,0627 W 94948
SAABRE,SAS,67,automobile-propre.com,https://www.automobile-propre.com,39bisB,0930 X 95184
INFODIUM,SASU,75,autonomie-revue.fr,http://www.autonomie-revue.fr,39bisB,0326 X 95419
EDITIONS REWORLD AXEL SPRINGER,SNC,92,autoplus.fr,http://www.autoplus.fr,,0328 W 91751
Very Important Press - VIP,SARL,75,avcesar.com,http://www.avcesar.com,,0131 W 95223
SOCIETE D'EDITIONS ET DE PUBLICATIONS AGRICOLES SEPA,SARL,52,avenir52.fr,https://avenir52.fr/,39bisB,0631 X 94595
SOCIETE D'EDITION ET DE PUBLICATION AGRICOLES DU DEPARTEMENT DE L'ARDECHE,SARL,07,avenir-agricole-ardeche.fr,http://www.avenir-agricole-ardeche.fr,,0128 W 95063
SEDIGA,SARL,33,avenir-aquitain.com,http://www.avenir-aquitain.com,39bisB,0629 X 93945
ALTER-MEDIAS,Association,93,basta.media,https://basta.media/,IPG,0528 Y 90871
BATIACTU GROUPE,SAS,92,batiactu.com,http://www.batiactu.com,39bisB,0328 X 90829
ANTILLA,SARL,97,batisseurs-outremer.com,http://www.batisseurs-outremer.com,39bisB,0526 X 95290
EDITIALIS,SASU,92,beaboss.fr,https://www.beaboss.fr/,,0131 W 90479
BEAU DEMAIN,SAS,75,beaumagazine.fr,http://www.beaumagazine.fr,39bisB,1029 X 95331
BEAUX ARTS & CIE,SAS,75,beauxarts.com,https://www.beauxarts.com,39bisB,0927 X 93481
NEO BASKET,SAS,29,bebasket.fr,http://www.bebasket.fr,,0127 W 93617
NEXTINTERACTIVE,SAS,75,bfmtv.com,http://www.bfmtv.com,IPG,0330 Y 91761
REWORLD MEDIA MAGAZINES,SAS,92,bibamagazine.fr,http://www.bibamagazine.fr,,0327 W 94861
ENTREFILET,SARL,69,biendire.com,http://www.biendire.com,,0130 W 94142
MOTAMOT,Association,24,bien-en-perigord.fr,http://www.bien-en-perigord.fr,39bisA,0329 Z 94860
EST BOURGOGNE MEDIA,SA,21,bienpublic.com,http://www.bienpublic.com,IPG,0627 Y 90263
EDITIONS FITAMANT,SARL,29,biofil.fr,http://www.biofil.fr,39bisB,0128 X 93568
BIOTECHFINANCES (EEI),SARL,07,biotech-finances.com,http://www.biotech-finances.com,39bisB,0329 X 90370
"Blast, le souffle de l'info",SAS,75,blast-info.fr,http://www.blast-info.fr,IPG,0330 Y 94482
COMEDITO,SARL,13,bleu-tomate.fr,http://www.bleu-tomate.fr,,0326 W 93482
Blind Magazine,SASU,75,blind-magazine.com,https://www.blind-magazine.com/,,0326 W 95414
BONDY BLOG,Association,93,bondyblog.fr,http://www.bondyblog.fr,IPG,0327 Y 94187
BP MEDIA,SARL,75,bonpote.com,http://www.bonpote.com,39bisA,0726 Z 95456
BOOSKAP,SARL,92,booska-p.com,https://www.booska-p.com,,0927 W 92795
INVESTIR PUBLICATIONS,SAS,75,boursier.com,http://www.boursier.com,,0328 W 90105
WEBEDIA,SA,92,boxofficepro.fr,http://www.boxofficepro.fr,39bisB,1026 X 95352
IDM RHONE-ALPES - Informations Développement Médias rhône-Alpes,SAS,69,brefeco.com,https://www.brefeco.com,39bisB,0629 X 92367
BRICKLY,SAS,75,brickly.fr,http://www.brickly.fr,39bisA,0926 Z 95498
Brief Media (BRIEF.ME),SAS,75,brief.eco,https://www.brief.eco,IPG,0630 Y 93706
Brief Media (BRIEF.ME),SAS,75,brief.me,https://www.brief.me,IPG,0327 Y 92641
Brief Media (BRIEF.ME),SAS,75,brief.science,http://www.brief.science,39bisA,0329 Z 94837
BRUT,SAS,75,brut.media,http://www.brut.media,IPG,0127 Y 95397
B2,Association,05,bruxelles2.eu,http://www.bruxelles2.eu,IPG,0628 Y 91026
BTLV - BOB VOUS DIT TOUTE LA VERITE,SAS,75,btlv.fr,https://www.btlv.fr,,0531 W 93621
JOURNAL DE LA COTIERE,SARL,01,bugeycotiere.fr,http://www.bugeycotiere.fr,39bisA,0928 Z 95179
MARCEL BONNATERRE EDITION,SARL,12,bulletindespalion.fr,http://www.bulletindespalion.fr,IPG,1030 Y 95510
BIH,SAS,75,businessimmo.com,http://www.businessimmo.com,39bisB,1128 X 90774
MATCHEM,SAS,75,butfootballclub.fr,http://www.butfootballclub.fr,,0527 W 95443
BOULEVARD VOLTAIRE,Association,75,bvoltaire.fr,http://www.bvoltaire.fr,IPG,0527 Y 94188
CADRE DE VILLE,SAS,92,cadredeville.com,https://www.cadredeville.com,39bisB,0230 X 90255
CIIP ASSOCIATION POUR LA COOPERATION L INFORMATION ET L INNOVATION PEDAGOGIQUE,Association,35,cafepedagogique.net,https://www.cafepedagogique.net/,39bisB,1127 X 95521
CAFETECH,SASU,75,Cafétech - Newsletter,Cafetech - Newsletter,,0526 W 95292
CAHIERS DU CINEMA,SARL,75,cahiersducinema.com,http://www.cahiersducinema.com,39bisB,0926 X 94673
PROMOTION PRESSE INTERNATIONALE,SAS,75,cahiers-ophtalmologie.fr,http://www.cahiers-ophtalmologie.fr,39bisB,0527 X 93396
GROUPE MONITEUR,SAS,94,cahiers-techniques-batiment.fr,http://www.cahiers-techniques-batiment.fr,39bisB,0327 X 94852
PRISMA MEDIA,SAS,92,caminteresse.fr,http://www.caminteresse.fr,,0927 W 94331
EDICAMP,SAS,75,camping-car.com,http://www.camping-car.com,,0631 W 94573
CANAL 32,SAS,10,canal32.fr,http://www.canal32.fr,,1026 W 95345
PRMEDIA,SAS,83,canalauto.fr,http://www.canalauto.fr,,0326 W 95422
CAP'PRESSE,SAS,97,cap-infos.fr,http://www.cap-infos.fr,,0726 W 95469
PRISMA MEDIA,SAS,92,capital.fr,http://www.capital.fr,IPG,0230 Y 90495
REUSSIR NOUVELLE AQUITAINE,GIE,79,caracterres.fr,http://www.caracterres.fr,39bisB,1127 X 95028
GROUPE LA CENTRALE,SASU,75,caradisiac.com,http://www.caradisiac.com,,0927 W 91224
BAUNAY YORIK,Micro-entrepreneur,33,catnat.net,http://www.catnat.net,,0126 W 94167
CAUSEUR.FR,SAS,75,causeur.fr,http://www.causeur.fr,IPG,0230 Y 90249
CB MEDIA,SASU,92,cb-expert.fr,https://www.cb-expert.fr,,0328 W 92997
CB MEDIA,SASU,92,cbnews.fr,http://www.cbnews.fr,39bisB,0528 X 91831
SOCIETE DE PRESSE ET D'INFORMATION,SA,86,centre-presse.fr,http://www.centre-presse.fr,IPG,0529 Y 92334
SOCIETE AVEYRONNAISE CENTRE PRESSE - SACEP,SAS,12,centrepresseaveyron.fr,https://www.centrepresseaveyron.fr,IPG,1028 Y 92048
POUR LA SCIENCE,SARL,75,cerveauetpsycho.fr,http://www.cerveauetpsycho.fr,39bisB,0927 X 93493
CORPORATE FINANCE NEWS,SAS,75,cfnews.net,https://www.cfnews.net/,39bisB,0930 X 90058
CORPORATE FINANCE NEWS,SAS,75,cfnewsimmo.net,https://www.cfnewsimmo.net/,39bisB,0927 X 95490
CORPORATE FINANCE NEWS,SAS,75,cfnewsinfra.net,https://www.cfnewsinfra.net,39bisB,0927 X 95491
EDITIONS CROQUE FUTUR,SAS,75,challenges.fr,http://www.challenges.fr,IPG,0126 Y 90244
PYC MEDIA,SAS,75,chantiersdefrance.fr,http://www.chantiersdefrance.fr,,0127 W 93296
LES EDITIONS ROTATIVE,SAS,75,charliehebdo.fr,https://charliehebdo.fr/,IPG,0926 Y 90882
WEBEDIA,SA,92,chartsinfrance.net,http://www.chartsinfrance.net,,1029 W 94648
CHASSER EN NOUVELLE AQUITAINE,SARL,79,chasseurna.com,http://www.chasseurna.com,,0930 W 92797
EDITIONS LARIVIERE,SAS,92,chassons.com,http://www.chassons.com,,0329 W 94841
EDITIONS LARIVIERE,SAS,92,chevalmag.com,http://www.chevalmag.com,,0327 W 94842
JOURNAL CHRETIEN,SAS,17,chretiens.info,http://www.chretiens.info,39bisA,0327 Z 94197
CHUT,SAS,75,chut.media,https://chut.media,,0627 W 94113
Centre d'information et de documentation jeunesse (CIDJ),Association,75,cidj.com,https://www.cidj.com,,0630 W 93722
Association Française d'astronomie (A.F.A.),Association,75,cieletespace.fr,http://www.cieletespace.fr,39bisB,0527 X 93380
ELO PRESSE,SAS,35,circuits-bio.com,http://www.circuits-bio.com,,0526 W 94574
NEWS TANK CITIES,SAS,75,cities.newstank.fr,https://cities.newstank.fr,,0630 W 93725
CITIZEN4SCIENCE,Association,45,citizen4science.org,http://www.citizen4science.org,39bisA,0329 Z 94873
CELYAN - CITOYENS.COM,SAS,94,citoyens.com,https://www.citoyens.com/,IPG,0330 Y 91748
PREMIERES LOGES,SARL,75,classica.fr,http://www.classica.fr,39bisB,0926 X 94686
SAABRE,SAS,67,cleanrider.com,https://www.cleanrider.com,,0930 W 95171
ICL,SARL,70,clermontinfos63.fr,http://www.clermontinfos63.fr,IPG,1128 Y 94748
CLICANOO,SAS,97,clicanoo.re,http://www.clicanoo.re,39bisA,0926 Z 91754
Climax,Association,75,Climax - newsletter,Climax - newsletter,39bisA,0528 Z 94570
REWORLD MEDIA MAGAZINES,SAS,92,closermag.fr,https://www.closermag.fr,,1127 W 91597
CUP INTERACTIVE,SASU,75,cnetfrance.fr,http://www.cnetfrance.fr,,1226 W 90076
SOCIETE D'EXPLOITATION D'UN SERVICE D'INFORMATION SESI,SNC,92,cnews.fr,http://www.cnews.fr,IPG,0329 Y 94869
COEURS DE FOOT,SARL,59,coeursdefoot.fr,http://www.coeursdefoot.fr,,0128 W 92998
MARKETEAM,SARL,44,cometmedias.com,http://www.cometmedias.com,39bisB,0430 X 91560
COMMENTAIRE,SA,75,commentaire.fr,http://www.commentaire.fr,IPG,0327 Y 94839
COMPTA ONLINE,SARL,38,compta-online.com,http://www.compta-online.com,,0329 W 94840
GLOBAL MEDIA SANTE,SAS,92,concourspluripro.fr,https://www.concourspluripro.fr,39bisB,0929 X 94015
INSTITUT DE DROIT DE LA CONCURRENCE,SAS,75,concurrences.com,https://www.concurrences.com/,39bisB,0629 X 93932
SOCIETE FRANCAISE DE PROMOTION ARTISTIQUE (SFPA),SARL,75,connaissancedesarts.com,http://www.connaissancedesarts.com,39bisB,1130 X 90140
CONNAISSANCE DES ENERGIES,SAS,75,connaissancedesenergies.org,http://www.connaissancedesenergies.org,39bisA,0127 Z 92800
ADNOV,SAS,13,conseilsdesnotaires.fr,http://conseilsdesnotaires.fr,39bisA,0927 Z 94966
OBSERVATOIRE DU CONSPIRATIONNISME,Association,75,conspiracywatch.info,http://www.conspiracywatch.info,39bisA,0930 Z 93758
TP PRESSE,SARL,78,constructioncayola.com,http://www.constructioncayola.com,39bisB,0528 X 91078
CONSULTOR,SAS,75,consultor.fr,http://www.consultor.fr,,1129 W 93539
CONTEXTE,SAS,75,contexte.com,https://www.contexte.com,IPG,1030 Y 92037
EDITOCOM,SAS,93,controles-essais-mesures.fr,http://www.controles-essais-mesures.fr,39bisB,0527 X 91358
CORSE PRESSE,SAS,20,corsematin.com,http://www.corsematin.com,IPG,1129 Y 90212
CORSE NET INFOS,SASU,20,corsenetinfos.corsica,http://www.corsenetinfos.corsica,IPG,0329 Y 93336
OBSERVATOIRE DES COSMETIQUES,SARL,92,cosmeticobs.com,https://cosmeticobs.com/fr/,,0327 W 92653
MARIE CLAIRE ALBUM,SAS,92,cosmopolitan.fr,http://www.cosmopolitan.fr,,1126 W 94757
COTE MAISON,SAS,92,cotemaison.fr,https://www.cotemaison.fr/,,0930 W 90092
L'ŒIL D'OLIVIER,SAS,75,coupsdoeil.fr,https://coupsdoeil.fr/,,0326 W 93883
CADRE ET DIRIGEANTS INTERACTIVE,SAS,75,courriercadres.com,http://www.courriercadres.com,39bisB,0628 X 91888
SOCIETE NOUVELLE COURRIER FRANCAIS,SAS,33,courrierdegironde.fr,https://www.courrierdegironde.fr,IPG,0929 Y 94030
LE COURRIER DES BALKANS - Courriers d'Europe et d'Orient,Association,94,courrierdesbalkans.fr,http://www.courrierdesbalkans.fr,IPG,0930 Y 90543
GROUPE MONITEUR,SAS,94,courrierdesmaires.fr,http://www.courrierdesmaires.fr,39bisA,0627 Z 91404
SOCIETE NOUVELLE COURRIER FRANCAIS,SAS,33,courrier-francais.com,https://www.courrier-francais.com/,IPG,0929 Y 94031
COURRIER INTERNATIONAL,SA,75,courrierinternational.com,http://www.courrierinternational.com,IPG,1229 Y 90079
LE COURRIER PICARD,SA,80,courrier-picard.fr,https://www.courrier-picard.fr,IPG,0631 Y 90538
RESEAU D'INFORMATION SUR LES REFRACTAIRES CE QU'IL FAUT DETRUIRE (RIRE CQFD),Association,13,cqfd-journal.org,https://cqfd-journal.org/,IPG,0531 Y 95559
BOURGOGNE INFOS.COM,SARL,71,creusot-infos.com,https://www.creusot-infos.com,,1130 W 95065
EXEGESE,SAS,75,croyancesetvilles.fr,http://www.croyancesetvilles.fr,39bisA,0926 Z 94013
PUBLICATIONS AGORA FRANCE,SARL,75,Cryptos Incubator - Newsletter,Cryptos Incubator - Newsletter,,0529 W 94915
PUBLICATIONS AGORA FRANCE,SARL,75,Cryptos trading - NewsLetter,Cryptos trading - NewsLetter,,0527 W 93619
CTV,SARL,17,ctv-news.com,https://ctv-news.com,,0528 W 95560
CULT.NEWS,SAS,75,cult.news,http://www.cult.news,,0531 W 95293
NEWS TANK CULTURE,SAS,75,culture.newstank.fr,http://culture.newstank.fr,,0331 W 92165
EDITIONS FITAMANT,SARL,29,culturesmarines.fr,http://www.culturesmarines.fr,39bisB,0531 X 94486
NOUVELLE AQUITAINE CULTURE SCIENTIFIQUE TECHNIQUE ET INDUSTRIELLE - NACSTI,Association,33,curieux.live,https://www.curieux.live,39bisB,1127 X 93835
EDITIALIS,SASU,92,daf-mag.fr,http://www.daf-mag.fr,,0131 W 92740
MULTIKULTI MEDIA,Association,75,dailleursetdici.news,http://www.dailleursetdici.news,39bisA,0127 Z 95393
EDITIONS DALLOZ,SAS,92,dalloz-actualite.fr,http://www.dalloz-actualite.fr,,0130 W 90213
INVESTIR PUBLICATIONS,SAS,75,datagora.fr,http://www.datagora.fr,,0326 W 95415
DECHETS INFOS,SAS,94,Déchets-infos - Newsletter,Déchets-infos - Newsletter,,0530 W 91833
EDITIALIS,SASU,92,decision-achats.fr,https://www.decision-achats.fr/,,0131 W 90476
EDITIONS LARIVIERE,SAS,92,decisions-hpa.com,http://www.decisions-hpa.com,,0327 W 94843
SEPAQ,SARL,46,defensepaysannedulot.fr,http://www.defensepaysannedulot.fr,39bisB,0526 X 94594
Défense Zone,SAS,31,defense-zone.com,http://www.defense-zone.com,,0328 W 95080
DESIGN FAX,SARL,75,Design fax - NewsLetter,Design fax - NewsLetter,39bisB,1026 X 93197
A L'EST DE BREST-LITOVSK,Association,75,desk-russie.eu,http://www.desk-russie.eu,,0526 W 95288
DESTIMED,SCOP,13,destimed.fr,http://destimed.fr,IPG,0926 Y 92417
DESTINATIONSANTE.COM,SAS,44,destinationsante.com,https://destinationsante.com/,,1130 W 90885
TICMEDIA,SASU,75,devizu.news,https://www.devizu.news,IPG,0727 Y 94254
EVALIS,SARL,77,diagnostiqueur-immobilier.fr,https://www.diagnostiqueur-immobilier.fr/,39bisB,0128 X 95531
REWORLD MEDIA MAGAZINES,SAS,92,diapasonmag.fr,http://www.diapasonmag.fr,39bisB,0327 X 91757
VAS Y MOJO,SAS,80,dicila.media,http://www.dicila.media,,0927 W 94339
EDITIONS LEGISLATIVES,SASU,92,directions.fr,https://www.directions.fr,,1028 W 92040
DIRECT VELO,Association,22,directvelo.com,http://www.directvelo.com,,0927 W 93383
DISCLOSE,Association,75,disclose.ngo,https://disclose.ngo/,39bisA,0531 Z 94189
DIS-LEUR,SAS,34,dis-leur.fr,https://dis-leur.fr/,39bisA,0926 Z 94032
EDITIONS DES DERNIERES NOUVELLES D'ALSACE,SA,67,dna.fr,https://www.dna.fr/,IPG,0128 Y 91656
BOM PRESSE,SAS,66,docteurimago.fr,http://docteurimago.fr,39bisB,0131 X 92934
DOCTISSIMO,SAS,92,doctissimo.fr,http://www.doctissimo.fr,,0328 W 94874
DORDOGNE LIBRE,SARL,24,dordognelibre.fr,https://www.dordognelibre.fr/,IPG,0330 Y 94190
DROITDUSPORT.COM,SARL,33,droitdusport.com,http://www.droitdusport.com,39bisB,1129 X 93523
LAMY LIAISONS,SAS,93,droit-patrimoine.fr,http://www.droit-patrimoine.fr,39bisB,0130 X 93153
INDEPENDANTE DE PRESSE D'ANCENIS,SARL,44,echoancenis.fr,http://www.echoancenis.fr,IPG,0928 Y 95176
DEVAL PRESSE INFOS,SAS,26,echo-drome-ardeche.com,http://www.echo-drome-ardeche.com,39bisB,0628 X 93707
L'Echo du Berry,SAS,36,echoduberry.fr,http://www.echoduberry.fr,IPG,0730 Y 94245
LES PETITES AFFICHES DE VAUCLUSE,SASU,84,echodumardi.com,https://www.echodumardi.com,IPG,0128 Y 93572
PUBLI-LOUVRE,SARL,75,echoidf.fr,http://www.echoidf.fr,IPG,0329 Y 92249
SOCIETE NOUVELLE COURRIER FRANCAIS,SAS,33,echo-ouest.fr,http://www.echo-ouest.fr,IPG,0926 Y 94689
LES ECHOS JUDICIAIRES GIRONDINS,SAS,33,echos-judiciaires.com,http://www.echos-judiciaires.com,,1130 W 94383
ECO-BRETONS,Association,29,eco-bretons.info,http://www.eco-bretons.info,,0328 W 90771
L'ECOLE / L'ECOLE DES LOISIRS,SA,75,ecoledeslettres.fr,http://www.ecoledeslettres.fr,39bisB,1130 X 92888
EDITIALIS,SASU,92,ecommercemag.fr,https://www.ecommercemag.fr/,,0131 W 90480
ECONOMIE MATIN SAS,SAS,78,economiematin.fr,http://www.economiematin.fr,IPG,1127 Y 91425
CIEM,SA,75,economiesociale.com,http://www.economiesociale.com,,0930 W 90537
ECONOSTRUM.INFO,SAS,13,econostrum.info,http://www.econostrum.info,IPG,1226 Y 90072
Ecostylia Media,SAS,75,ecostylia.com,http://www.ecostylia.com,39bisA,0326 Z 95416
CULTURE MÉDIA,SARL,75,ecranlarge.com,https://www.ecranlarge.com/,,0526 W 93973
ECRAN TOTAL,SASU,92,ecran-total.fr,https://ecran-total.fr/,39bisB,1126 X 95369
EDIMARK,SAS,75,edimark.fr,http://www.edimark.fr,39bisB,1028 X 92038
IS MEDIA,SAS,92,editionscdp.fr,http://www.editionscdp.fr,39bisB,1126 X 93234
Editions JFA Juristes & Fiscalistes Associés,SAS,75,editions-jfa.com,https://www.editions-jfa.com/,,0926 W 94317
REVUE GENERALE DES ROUTES ET DE L'AMENAGEMENT,SAS,75,editions-rgra.com,http://www.editions-rgra.com,39bisB,0627 X 93444
PARRESIA,SAS,92,edp-biologie.fr,http://www.edp-biologie.fr,39bisB,0626 X 93937
NEWS TANK EDUCATION,SAS,75,education.newstank.fr,http://education.newstank.fr,,0526 W 92329
EFFICYCLE,EIRL,31,efficycle.fr,http://www.efficycle.fr,39bisA,0526 Z 94575
GLOBAL MEDIA SANTE,SAS,92,egora.fr,http://www.egora.fr,39bisB,0230 X 90253
EL CAFE LATINO PRESSE,Association,94,elcafelatino.org,http://www.elcafelatino.org,,1125 W 94116
Editions Fitamant Technologies,SARL,75,electroniques.biz,http://www.electroniques.biz,,0627 W 91412
EL PUBLISHING,SAS,92,electronlibre.info,https://electronlibre.info/,39bisA,0727 Z 90922
PUBLICATIONS AGORA FRANCE,SARL,75,Elephant investing club - newsletter,Elephant investing club - newsletter,,0529 W 94916
GROUPE FRANCE AGRICOLE,SAS,93,eleveur-laitier.fr,https://www.eleveur-laitier.fr/,39bisB,0127 X 94811
CMI France,SAS,75,elle.fr,http://www.elle.fr,39bisA,0630 Z 90402
EDITIONS LEGISLATIVES,SASU,92,elnet.fr,http://www.elnet.fr,,0926 W 93198
e-Lucide Média,SAS,75,elucid.media,http://www.elucid.media,IPG,0528 Y 94576
EDITIALIS,SASU,92,e-marketing.fr,https://www.e-marketing.fr/,,0131 W 90478
ELSEVIER MASSON,SAS,92,em-consulte.com,http://www.em-consulte.com,39bisB,0531 X 92999
EN ATTENDANT NADEAU,Association,92,en-attendant-nadeau.fr,https://www.en-attendant-nadeau.fr/,39bisB,0727 X 93951
NEWS TANK ENERGIES,SAS,75,energies.newstank.fr,https://energies.newstank.fr,,0529 W 94913
MER-VEILLE-ENERGIE - MVE,SAS,29,energiesdelamer.eu,http://www.energiesdelamer.eu,,0326 W 93882
GROUPE MONITEUR,SAS,94,enerpresse.com,http://www.enerpresse.com,39bisB,0327 X 94853
ENGRAINAGE,Association,69,engrainage-media.com,https://engrainage-media.com/,39bisA,0130 Z 95241
EN LARGE YOUR PARIS,SAS,75,enlargeyourparis.fr,http://www.enlargeyourparis.fr,39bisA,0327 Z 92656
ENTRAID',SA,35,entraid.com,http://www.entraid.com,39bisB,0631 X 90881
REWORLD MEDIA MAGAZINES,SAS,92,entrenous.fr,http://www.entrenous.fr,,0328 W 94862
LES EDITIONS DU DEVELOPPEMENT DURABLE,SARL,78,environnement-magazine.fr,http://www.environnement-magazine.fr,39bisA,0330 Z 90236
MEDIAS POUR UN FUTUR DURABLE,SAS,69,enviscope.com,http://www.enviscope.com,39bisA,1226 Z 90073
VOSGES INFO PUB,SAS,88,epinalinfos.fr,https://epinalinfos.fr/,IPG,0327 Y 94210
EDP SCIENCES,SAS,91,epjap.org,http://www.epjap.org,,0129 W 93276
EDP SCIENCES,SAS,91,esaim-cocv.org,http://www.esaim-cocv.org,,0129 W 93277
EDP SCIENCES,SAS,91,esaim-m2an.org,http://www.esaim-m2an.org,,0129 W 93278
EDP SCIENCES,SAS,91,esaim-ps.org,http://www.esaim-ps.org,,0129 W 93279
IS MEDIA,SAS,92,espaceinfirmier.fr,http://www.espaceinfirmier.fr,39bisB,1126 X 93235
ESPACE SOCIAL EUROPEEN,SARL,75,espace-social.com,http://www.espace-social.com,39bisB,0330 X 94192
REVUE ESPRIT,SAS,75,esprit.presse.fr,http://www.esprit.presse.fr,IPG,0526 Y 93088
SEPA - Société D'Editions et de Publicité Agricoles de l'Est,SA,67,est-agricole.com,https://www.est-agricole.com,,0127 W 92596
SOCIETE DU JOURNAL L'EST REPUBLICAIN,SA,54,estrepublicain.fr,http://www.estrepublicain.fr,IPG,0726 Y 90438
Contes de faits,Association,75,Et si? - newsletter,Et si? - newsletter,39bisA,1026 Z 95334
EDP SCIENCES,SAS,91,etp-journal.org,http://www.etp-journal.org,39bisB,0626 X 91360
LA TRIBUNE,SARL,26,e-tribune.fr,http://www.e-tribune.fr,IPG,1130 Y 94382
SOCIETE AGRICOLE ET DE COMMUNICATION (SAEC),SARL,27,eure-agricole.fr,http://www.eure-agricole.fr,39bisB,0729 X 93982
EURONEWS,SA,69,euronews.com,http://www.euronews.com,IPG,1026 Y 94775
EUROPE 1 DIGITAL,SARL,75,europe1.fr,http://www.europe1.fr,IPG,0331 Y 90130
ENERSTRATEGIES,SAS,75,Europenergies - Newsletter,Europenergies - Newsletter,39bisB,0129 X 93295
CNPP ENTREPRISE,SARL,27,faceaurisque.com,http://www.faceaurisque.com,39bisB,1130 X 92871
EDIFA SOCIETE D'EDITIONS POUR LA FAMILLE,SA,75,famillechretienne.fr,http://www.famillechretienne.fr,IPG,0327 Y 93324
FASHION NETWORK,SARL,75,fashionnetwork.com,https://www.fashionnetwork.com/,39bisB,0528 X 94577
NORINFO,SARL,97,faxinfo.fr,http://www.faxinfo.fr,IPG,0130 Y 94416
SEJER,SAS,75,fdlm.org,http://www.fdlm.org,,0628 W 91883
CMI France,SAS,75,femina.fr,http://www.femina.fr,,0329 W 94838
PRISMA MEDIA,SAS,92,femmeactuelle.fr,http://www.femmeactuelle.fr,,0230 W 90266
LES FICHES DU CINEMA,Association,75,fichesducinema.com,http://www.fichesducinema.com,,0530 W 91302
LES EDITIONS SEVERINE BRONDEL,SASU,75,fildp.fr,http://www.fildp.fr,,0131 W 92238
3e MEDIAS,SAS,75,filiere-3e.fr,http://www.filiere-3e.fr,39bisB,0530 X 92736
ELO PRESSE,SAS,35,filieres-avicoles.com,http://www.filieres-avicoles.com,39bisB,1129 X 94075
DFCG,Association,75,finance-gestion.com,http://www.finance-gestion.com,39bisB,0327 X 92584
NOUVEL AQUI ! PRESSE,SAS,33,finance-mag.com,http://www.finance-mag.com,,1128 W 94745
INFODIUM,SASU,75,finances-hospitalieres.fr,http://www.finances-hospitalieres.fr,39bisB,0326 X 92591
INFODIUM,SASU,75,financierterritorial.fr,http://www.financierterritorial.fr,39bisB,1026 X 93931
FINASCOPE,SASU,75,finascope.fr,http://www.finascope.fr,39bisA,0531 Z 94637
FLAASH,SAS,77,flaash.fr,http://www.flaash.fr,39bisB,0130 X 95388
FLAGRANT DENI,Association,69,flagrant-deni.fr,http://www.flagrant-deni.fr,39bisA,1129 Z 95012
SOMAPRESSE - SOCIETE MAHORAISE DE PRESSE,SARL,97,Flash infos Mayotte - NewsLetter,Flash infos Mayotte - NewsLetter,IPG,0927 Y 93207
PROMOTION PRESSE INTERNATIONALE,SAS,75,fluidestransmissions.com,http://www.fluidestransmissions.com,39bisB,0128 X 94445
Summertime,SAS,69,flushmag.fr,http://www.flushmag.fr,39bisA,0927 Z 94974
PRESSE DE LA FORGE ET DELESCLUZE,SAS,75,fondamental.fr,https://fondamental.fr/,IPG,1127 Y 94391
MEDIA365,SAS,92,football.fr,http://www.football.fr,,0329 W 90106
NEWS TANK FOOTBALL,SAS,75,football.newstank.eu,http://football.newstank.eu,,0331 W 92166
MEDIA365,SAS,92,football365.fr,http://www.football365.fr,,0327 W 90572
ADVERSPORT FRANCE,SASU,69,footmercato.net,http://www.footmercato.net,,0929 W 91508
FREEDOM VOICES NETWORK,Association,75,forbiddenstories.org,https://forbiddenstories.org,39bisA,1026 Z 94578
Chrystelle Carroy Éditions (CDIT),SASU,75,forestopic.com,https://www.forestopic.com,39bisA,0528 Z 93075
IPD,SAS,94,formesdeluxe.com,https://www.formesdeluxe.com/,39bisB,0329 X 94856
CAGNON SACHA,Entreprise individuelle,69,foutouart.fr,https://foutouart.fr/,39bisA,1026 Z 95169
FRACAS,SCOP,93,fracas.media,http://www.fracas.media,39bisA,1026 Z 95346
FRANCE MEDIAS MONDE,SA,92,france24.com,http://www.france24.com,IPG,0929 Y 92421
PRESSE ANTILLES GUYANE,SAS,97,franceguyane.fr,http://www.franceguyane.fr,IPG,0727 Y 92637
SUPPLY CHAIN MAGAZINE,SAS,57,franceroutes.fr,http://www.franceroutes.fr,39bisB,0328 X 93095
FRANCE TELEVISIONS,SA,75,francetvinfo.fr,http://www.francetvinfo.fr,IPG,0127 Y 93010
CMI France,SAS,75,franc-tireur.fr,http://www.franc-tireur.fr,IPG,1127 Y 95008
HUMANOID,SASU,75,frandroid.com,http://www.frandroid.com,,0630 W 94938
FREQUENCEMEDICALE,SAS,92,frequencemedicale.com,http://www.frequencemedicale.com,,0327 W 92646
IFESTIVAL,SARL,13,frequence-sud.fr,https://www.frequence-sud.fr,39bisB,1127 X 90464
FRICTIONS,SAS,75,frictions.co,http://www.frictions.co,39bisA,0328 Z 94490
ARTEFAKT,SAS,22,frontieresmedias.fr,https://www.frontieresmedia.fr/,IPG,0727 Y 94910
LES EDITIONS DU PLENITRE,SAS,92,frontpopulaire.fr,http://www.frontpopulaire.fr,39bisA,1126 Z 94891
BENAPRESSE,SARL,92,fullattack.cc,https://fullattack.cc/,,1127 W 95520
DEALFLOW-DATA,SAS,91,fusions-acquisitions.info,http://fusions-acquisitions.info,39bisB,0926 X 93143
FUTURA - SCIENCES,SARL,83,futura-sciences.com,http://www.futura-sciences.com,,0526 W 95295
FUTURIBLES,SARL,75,futuribles.com,https://www.futuribles.com,IPG,0926 Y 91022
FIGARO PUBLICATIONS,SAS,75,gala.fr,http://www.gala.fr,,0331 W 90267
CUP INTERACTIVE,SASU,75,gamekult.com,https://www.gamekult.com,,1226 W 90077
GASTRONOMIE-INFO,SARL,74,gastronomie-actu.com,https://gastronomie-actu.com/,,0926 W 94056
France GAZ,Association,92,gazdaujourdhui.fr,http://www.gazdaujourdhui.fr,39bisA,1026 Z 95347
LES CARNETS DE L'ALPHA,SA,09,gazette-ariegeoise.fr,http://www.gazette-ariegeoise.fr,IPG,0929 Y 92428
LES EDITIONS DE LA GAZETTE,EURL,31,gazette-du-midi.fr,http://www.gazette-du-midi.fr,39bisA,0926 Z 94683
GAZETTE SPORTS,Association,80,gazettesports.fr,http://www.gazettesports.fr,,0629 W 93439
GAZETTE SPORTS,Association,80,gazettesportslemag.fr,https://www.gazettesportslemag.fr/,,0928 W 94677
EDITIONS LARIVIERE,SAS,92,gazoline.net,"http://www.gazoline.net
gazoline.net",,0327 W 94844
GNT MEDIA,SARL,95,generation-nt.com,http://www.generation-nt.com,,0929 W 91519
PYC MEDIA,SAS,75,genieclimatique.fr,http://genieclimatique.fr,39bisB,0127 X 91233
PRISMA MEDIA,SAS,92,geo.fr,https://www.geo.fr/,IPG,0131 Y 90268
MILAN PRESSE,SAS,31,geoado.com,http://www.geoado.com,,0529 W 92328
DIFFUSION PRESSE ENTREPRISES,SARL,75,gerantdesarl.com,https://www.gerantdesarl.com,39bisB,0628 X 90935
APM International,SAS,75,gerontonews.com,http://www.gerontonews.com,,0127 W 92579
INSIDE PUBLISHING,SAS,92,geroscopie.fr,http://www.geroscopie.fr,,0331 W 93069
Jerome GIANOLI,Micro-entrepreneur,21,ginjfo.com,http://www.ginjfo.com,,0926 W 92105
INDIGO PUBLICATIONS,SAS,75,glitz.paris,http://www.glitz.paris/,39bisA,1130 Z 95018
GLUCOSE TOUJOURS,SASU,75,glucosetoujours.com,https://glucosetoujours.com,39bisB,1129 X 95013
GOLDY MEDIA,Micro-entrepreneur,75,goldy.fr,https://goldy.fr/,,1026 W 95344
GOLIAS,SARL,69,golias-editions.fr,http://www.golias-editions.fr,39bisA,1128 Z 95220
GOMET MEDIA,SAS,13,gomet.net,https://gomet.net/,IPG,0627 Y 92742
LES PUBLICATIONS CONDE NAST,SASU,75,gqmagazine.fr,http://www.gqmagazine.fr,,0527 W 94907
LIRE LA SUITE,Association,14,grand-format.net,http://www.grand-format.net,39bisA,0528 Z 94601
GRANDPRIX,SAS,92,grandprix.info,http://www.grandprix.info,,0627 W 94936
REWORLD MEDIA MAGAZINES,SAS,92,grazia.fr,https://www.grazia.fr,,1127 W 91598
2050 NOW LE MEDIA,SAS,75,greenunivers.com,https://www.greenunivers.com/,,0727 W 90214
CPMRA,SAS,38,grimper.com,http://www.grimper.com,,1130 W 95113
SOPREDA 2,SA,74,groupe-ecomedia.com,https://groupe-ecomedia.com,39bisA,0129 Z 93844
PRESSE ANTILLES GUYANE,SAS,97,guadeloupe.franceantilles.fr,http://www.guadeloupe.franceantilles.fr,IPG,0727 Y 93570
AUDIO PRINT,SARL,75,guitariste.com,http://www.guitariste.com,,0726 W 90491
GUITI NEWS,Association,93,guitinews.fr,https://guitinews.fr,IPG,1126 Y 94082
COMIMPEX,SARL,97,guyaweb.com,https://www.guyaweb.com,IPG,1128 Y 91184
MT COM,SASU,06,h2-mobile.fr,http://www.h2-mobile.fr,39bisB,1026 X 95190
HCL PUBLICATIONS,SARL,94,habitat-collectivites-locales.info,http://www.habitat-collectivites-locales.info,,1226 W 90099
HACNUMEDIA,Association,13,hacnumedia.org,http://www.hacnumedia.org,,0627 W 95565
BLANC SEC MEDIA,SAS,95,hamelin.info,http://www.hamelin.info,,1026 W 94975
HANDICAP.FR,SAS,69,handicap.fr,https://www.handicap.fr/,39bisA,0631 Z 93929
HAPPY END,SAS,75,happyend.life,http://www.happyend.life,,0626 W 93947
Hardware & Co,GIE,92,hardwareand.co,https://hardwareand.co/,,0531 W 95418
HARMONIE MUTUELLES,,75,harmonie-sante.fr,https://www.harmonie-sante.fr/,,0927 W 91521
V Collection,SAS,75,harpersbazaar.fr,http://www.harpersbazaar.fr,,0631 W 95254
HAUT ANJOU,SARL,53,hautanjou.fr,https://www.hautanjou.fr,IPG,0928 Y 93825
S.E.P.L,SARL,33,hautegironde.fr,http://www.hautegironde.fr,IPG,0929 Y 94026
HAUTE PROVENCE INFO,SARL,04,hauteprovenceinfo.com,http://www.hauteprovenceinfo.com,IPG,0726 Y 94639
LES EDITIONS DU PHARE,SAS,17,hautesaintonge.fr,https://www.hautesaintonge.fr,IPG,1128 Y 93795
LA FRANC-COMTOISE DE PRESSE ET D'EDITION,SARL,70,hautesaoneagricole.agri-info-nordest.fr/,https://hautesaoneagricole.agri-info-nordest.fr/,,1126 W 94752
PRISMA MEDIA,SAS,92,hbrfrance.fr,https://www.hbrfrance.fr/,39bisB,0531 X 94438
HEBDO39,SAS,39,hebdo25.net,http://www.hebdo25.net,IPG,0527 Y 95441
HEBDO39,SAS,39,hebdo39.net,http://www.hebdo39.net,IPG,0930 Y 95175
HCR,SAS,01,hebdo-ardeche.fr,https://www.hebdo-ardeche.fr/,IPG,0729 Y 93975
IMPRIMERIE DUCRET,SAS,74,hebdo-des-savoie.com,http://www.hebdo-des-savoie.com,IPG,0927 Y 94969
HELLO NANTES,SAS,44,hellogazettenantes.fr,https://hellogazettenantes.fr/,39bisA,0926 Z 94318
A LA UNE,SAS,92,hematoalaune.fr,https://www.hematoalaune.fr,,0626 W 93952
AGENCE D'EDITION MEDICALE (AEI),SARL,75,hemato-news.com,http://hemato-news.com,39bisB,1026 X 93190
AGENCE D'EDITION MEDICALE (AEI),SARL,75,hepatonews.com,http://www.hepatonews.com,,0727 W 92312
EDITIONS DU SUD SEPTIMANIE,SARL,34,herault-tribune.com,http://www.herault-tribune.com,39bisA,0728 Z 92696
HERODOTE.NET,SAS,75,herodote.net,http://www.herodote.net,,0526 W 92409
PRESSE ANTILLES GUYANE,SAS,97,hexagone.franceantilles.fr,https://hexagone.franceantilles.fr/,IPG,0528 Y 95557
Histoire Coloniale et Postcoloniale,Association,75,histoirecoloniale.net,https://www.histoirecoloniale.net,39bisA,0628 Z 95571
MALESHERBES PUBLICATIONS,SA,75,histoire-et-civilisations.com,http://www.histoire-et-civilisations.com,39bisB,1127 X 95021
NOUVEAU DEPART,SAS,75,histoirescrepues.fr,http://www.histoirescrepues.fr,39bisA,0328 Z 95547
HISTOIRES ORDINAIRES EDITIONS,Association,35,histoiresordinaires.fr,http://www.histoiresordinaires.fr,,1025 W 92513
EDITIONS LA VIE DU RAIL,SA,75,historail.fr,http://www.historail.fr,,0628 W 95134
SOCIETE FRANCAISE DE PROMOTION ARTISTIQUE,SARL,75,historia.fr,https://www.historia.fr,,1026 W 94742
BLGS EDITIONS,SARL,93,homefashionnews.fr,http://www.homefashionnews.fr,39bisB,0727 X 95455
Les Editions de L'Homme Nouveau,SCOP,75,hommenouveau.fr,http://www.hommenouveau.fr,39bisA,0528 Z 93390
CH'TI BROADCAST,SARL,62,horizonactu.fr,https://www.horizonactu.fr,,1027 W 95197
SOCIETE D'EDITION D'HORIZONS CENTRE ILE DE France,SAS,28,horizons-journal.fr,http://www.horizons-journal.fr,39bisA,1129 Z 92535
BERGER-LEVRAULT,SA,92,horizonspublics.fr,http://www.horizonspublics.fr,39bisB,1130 X 94370
HOSPIMEDIA,SAS,59,hospimedia.fr,http://www.hospimedia.fr,39bisB,0531 X 92222
ALCYON,SARL,75,hospitality-on.com,http://www.hospitality-on.com,,0527 W 94901
HUFFINGTON POST,SAS,75,huffingtonpost.fr,http://www.huffingtonpost.fr,IPG,0430 Y 90329
SOCIETE NOUVELLE DU JOURNAL L'HUMANITE (SNJH),SA,93,humanite.fr,http://www.humanite.fr,IPG,1229 Y 90141
HUM,SAS,75,hum-media.com,http://www.hum-media.com,39bisA,1027 Z 95509
HEALTH & CO,SARL,69,hygienes.net,http://www.hygienes.net,39bisB,0926 X 94990
BRISBANE MEDIA,SASU,75,ideal-investisseur.fr,https://www.ideal-investisseur.fr,39bisA,0626 Z 93764
COTE MAISON,SAS,92,ideat.fr,https://ideat.fr/,,0330 W 93144
COMPAGNIE DES MÉDIAS ET PUBLICATIONS RHÔNE-ALPES - COMPRA,SAS,38,if-saint-etienne.fr,https://www.if-saint-etienne.fr/,IPG,0927 Y 94319
MACGENERATION,SARL,69,igen.fr,http://www.igen.fr,,0127 W 94156
IMAZ PRESS REUNION,SARL,97,imazpress.com,https://imazpress.com/,IPG,1130 Y 92193
P.B.O INITIATIVES PRESSE,SAS,75,immoweek.fr,http://www.immoweek.fr,39bisB,0627 X 93084
IMPACT(S),Association,64,impact-s.fr,https://www.impact-s.fr/,39bisA,0726 Z 93988
EDITIONS SENONAISES DE PRESSE,SARL,89,independantdelyonne.com,http://www.independantdelyonne.com,39bisA,1126 Z 94744
INDEX INVESTIGATION,Association,75,index.ngo,https://www.index.ngo,39bisA,0328 Z 95177
EDITOCOM,SAS,93,industries-cosmetiques.fr,http://www.industries-cosmetiques.fr,39bisB,0128 X 94429
INREES,SAS,92,inexplore.com,https://www.inexplore.com/,,1128 W 93793
AGENCE D'EDITION MEDICALE (AEI),SARL,75,infectio-news.com,http://infectio-news.com/,39bisB,0626 X 94480
GROUPE PROFESSION SANTE,SAS,92,infirmiers.com,https://www.infirmiers.com,,0927 W 94320
SEJIAR - Société d'exploitation du journal l'Information Agricole du Rhône,SARL,69,infoagri69.fr,http://www.infoagri69.fr,39bisB,0930 X 94333
ELEMENTS SANTE,SAS,63,info-atbvac.com,http://info-atbvac.com,39bisB,1026 X 93483
LA BEAUNE INFO,SAS,71,info-beaune.com,http://www.info-beaune.com,IPG,1130 Y 95198
OCCITANIE MÉDIAS DIFFUSION,SARL,30,infoccitanie.fr,https://infoccitanie.fr/,39bisA,1126 Z 95370
CHALON INFOS,SARL,71,info-chalon.com,http://www.info-chalon.com,39bisA,0127 Z 93615
IC NEWS,SAS,75,infochretienne.com,http://www.infochretienne.com,39bisA,0626 Z 93930
INF'OGM: veille citoyenne sur les OGM,Association,75,infogm.org,http://www.infogm.org,39bisA,0626 Z 90928
INFORMATEUR JUDICIAIRE,SAS,44,informateurjudiciaire.fr,http://www.informateurjudiciaire.fr,,1130 W 94379
INFORMATION DENTAIRE,SASU,75,information-dentaire.fr,https://www.information-dentaire.fr,39bisB,0628 X 91876
HAREAL Editions,SAS,27,insolentiae.com,https://insolentiae.com/,,1126 W 93526
INDIGO PUBLICATIONS,SAS,75,intelligenceonline.com,https://www.intelligenceonline.com/,,1225 Z 92895
INDIGO PUBLICATIONS,SAS,75,intelligenceonline.fr,https://www.intelligenceonline.fr/,39bisA,0331 Z 90645
EDITING,SARL,97,interentreprises.com,http://www.interentreprises.com,39bisA,0330 Z 94191
INVESTIGATE EUROPE,,12,investigate-europe.eu,http://www.investigate-europe.eu,,0528 W 95555
EDICOM,SAS,75,investissementconseils.com,http://www.investissementconseils.com,,0527 W 93384
EUSKAL KOMUNIKABIDEAK,SARL,64,iparraldekohitza.eus,http://iparraldekohitza.eus,IPG,0929 Y 91020
IR SHARE,SARL,89,IR Notes - Newsletter,IR Notes - Newsletter,39bisA,0626 Z 93933
L'ASSO D'ISMÉE,Association,33,ismee.info,http://www.ismee.info,IPG,0531 Y 95556
J'AI PISCINE AVEC SIMONE,SASU,14,jaipiscineavecsimone.com,https://www.jaipiscineavecsimone.com/,39bisA,0626 Z 93934
JEUNES AGRICULTEURS,Syndicat national,75,jamag.fr,http://www.jamag.fr,39bisB,0929 X 94018
PUBLICATIONS AGORA FRANCE,SARL,75,James Altucher Trading  - newsletter,James Altucher Trading  - newsletter,,0930 W 95183
JAPON INFORMATION,SAS,31,japoninfos.com,http://www.japoninfos.com,IPG,0729 Y 93201
JAZZ ET COMPAGNIE,SAS,75,jazzmagazine.com,http://www.jazzmagazine.com,39bisB,1128 X 93658
MARTIN MEDIA,SAS,55,jdanimation.fr,http://www.jdanimation.fr,39bisB,0328 X 95084
SOCIETE ALSACIENNE DE PUBLICATIONS,SAS,68,jde.fr,http://www.jde.fr,IPG,0326 Y 91658
MARTIN MEDIA,SAS,55,jdpsychologues.fr,https://www.jdpsychologues.fr,39bisB,1127 X 93532
THE WEB FAMILY,SAS,75,jeanmarcmorandini.com,http://www.jeanmarcmorandini.com,,1027 W 95513
AFRICA MEDIA GROUP,SASU,75,jeuneafrique.com,http://www.jeuneafrique.com,IPG,0130 Y 90336
WEBEDIA,SA,92,jeuxactu.com,https://www.jeuxactu.com/,,0329 W 94872
WEBEDIA,SA,92,jeuxvideo.com,http://www.jeuxvideo.com,,1029 W 92239
JOURNAL DE LA HAUTE MARNE,SAS,52,jhm.fr,http://www.jhm.fr,IPG,0728 Y 91657
PUBLICATIONS AGORA FRANCE,SARL,75,JIM RICKARDS TRADING - Newsletter,JIM RICKARDS TRADING - Newsletter,,1026 W 95341
JLE,SAS,94,jle.com,http://www.jle.com,39bisB,0530 X 91829
JOUR DE COURSES EDITIONS,SAS,75,jourdegalop.com,http://www.jourdegalop.com,39bisB,0527 X 92237
LE JOURNAL DE L'AVIATION,SARL,75,journal-aviation.com,http://www.journal-aviation.com,39bisB,0930 X 91953
JOURNAL DE LA CORSE,SARL,20,journaldelacorse.corsica,http://www.journaldelacorse.corsica,,1026 W 95349
Société Midi Aveyron Presse (SOMAP),SNC,34,journaldemillau.fr,http://www.journaldemillau.fr,IPG,0926 Y 94688
SOCIETE DE PRESSE ANTILLAISE,SARL,97,journaldesaintbarth.com,https://www.journaldesaintbarth.com/,IPG,0929 Y 94973
Internet Presse Infos,SARL,10,journaldescasinos.com,http://www.journaldescasinos.com,39bisB,0531 X 94493
CCM BENCHMARK GROUP,SAS,75,journaldesfemmes.fr,http://www.journaldesfemmes.fr,,1026 W 95332
MPP France,SA,33,journaldesinfirmiers.fr,https://www.journaldesinfirmiers.fr/,39bisB,0626 X 94388
CCM BENCHMARK GROUP,SAS,75,journaldunet.com,http://www.journaldunet.com,IPG,1026 Y 95333
Le Journal du Palais,SAS,21,journal-du-palais.fr,http://www.journal-du-palais.fr,39bisA,0926 Z 94682
ProMedia Group France,SAS,75,journalmarinemarchande.fr,https://www.journalmarinemarchande.fr/,39bisB,0927 X 95493
"UNION GENERALE DES INGENIEURS, CADRES, TECHNICIENS - UGICT CGT",Union syndicale,93,journaloptions.fr,http://www.journaloptions.fr,39bisA,0928 Z 94692
Culture et Pluralisme,Association,13,journalzebuline.fr,http://www.journalzebuline.fr,,0130 W 95053
SOCIETE DE PUBLICATIONS ET DE PUBLICITE POUR LES SOCIETES (SPPS),SAS,75,jss.fr,http://www.jss.fr,39bisB,1129 X 93537
JAR,SCS,39,juragricole.com,http://www.juragricole.com,39bisB,0628 X 93710
SOCIETE DE PRESSE DU BREIL,EURL,75,jurishebdo.fr,http://www.jurishebdo.fr,39bisB,0726 X 95460
KARIB' INFO,SAS,97,karibinfo.com,http://www.karibinfo.com,IPG,0528 Y 94579
IPARLA BAIGURA KOMUNIKAZIOA,SCIC,64,kazeta.eus,http://www.kazeta.eus,IPG,0131 Y 90470
GROUPE MONITEUR,SAS,94,kheox.fr,http://www.kheox.fr,39bisB,0326 X 92218
SPEK Société de Presse et d'Edition de la Kinésithérapie,EURL,75,kineactu.com,http://www.kineactu.com,39bisB,0430 X 92702
NEXTINTERACTIVE,SAS,75,"k-larevue
k-larevue",https:/www.01net.com,,1226 W 90135
SI PAS MAINTENANT,Association,75,k-larevue.com,http://k-larevue.com,39bisA,0330 Z 95094
PANDOU MEDIA,SASU,75,koimagazine.fr,http://www.koimagazine.fr,,1126 W 94610
ETRE A L'EST,SAS,75,kometarevue.com,https://kometarevue.com/,39bisA,0126 Z 95242
KONBINI,SAS,75,konbini.com,https://www.konbini.com,39bisA,0527 Z 93968
SPEK Société de Presse et d'Edition de la Kinésithérapie,EURL,75,ks-mag.com,http://www.ks-mag.com,39bisB,0430 X 92703
KULT,SAS,97,kult-media.fr,https://www.kult-media.fr/,,1129 W 95020
La Disparition,SAS,31,La disparition - Newsletter,La disparition - Newsletter,39bisA,0626 Z 94905
CANCAN MEDIA,SASU,50,La lettre de Cancan - Newsletter,La lettre de Cancan  - Newsletter,39bisA,1126 Z 95368
PUBLICATIONS AGORA FRANCE,SARL,75,La lettre des affranchis - Newsletter,La lettre des affranchis - Newsletter,,0130 W 95061
LA LETTRE DU CONSEIL,SAS,75,La lettre du conseil - Newsletter,La lettre du conseil - Newsletter,39bisB,0130 X 95245
EDITIONS LAURENT CHARLIER,SARL,59,La lettre ferroviaire - Newsletter,La lettre ferroviaire - Newsletter,,0331 W 92216
PUBLICATIONS AGORA FRANCE,SARL,75,La lettre PEA - Newsletter,La lettre PEA - Newsletter,,0330 W 95088
PUBLICATIONS AGORA FRANCE,SARL,75,La Lettre Tech Capital - Newsletter,La Lettre Tech Capital - Newsletter,,0330 W 95089
KOMUNE.MEDIA,SAS,75,La newsletter de Komune Media - newsletter,La newsletter de Komune Media - newsletter,39bisA,1026 Z 95337
L'ABEILLE DE LA TERNOISE.COMMUNICATION,SAS,62,labeilledelaternoise.fr,http://www.labeilledelaternoise.fr,IPG,0530 Y 92042
ICL,SARL,70,labeillelenouvelliste.fr,http://www.labeillelenouvelliste.fr,IPG,1126 Y 94749
SYNDICAT GENERAL DES VIGNERONS DE LA CHAMPAGNE,Association,51,lachampagneviticole.fr,https://lachampagneviticole.fr/,39bisB,0630 X 92750
Julien BILLY,Micro-entrepreneur,43,lacommere43.fr,https://www.lacommere43.fr/,39bisA,0126 Z 94151
INCA,SASU,70,laconcorde-hebdo.fr,http://www.laconcorde-hebdo.fr,IPG,1126 Y 94750
LA CORNEILLE MEDIA,Association,75,lacorneille.fr,http://www.lacorneille.fr,39bisA,0526 Z 95301
BAYARD,SA,92,la-croix.com,http://www.la-croix.com,IPG,0130 Y 90210
PLAY BAC PRESSE,SAS,75,L'actu - Application,L'actu - Application,IPG,0527 Y 93403
PYC MEDIA,SAS,75,lacuisinepro.fr,http://www.lacuisinepro.fr,39bisB,1127 X 93297
GROUPE LA DEPECHE DU MIDI,SA,31,ladepeche.fr,http://www.ladepeche.fr,IPG,0329 Y 92265
S.E.P.L,SARL,33,ladepechedubassin.fr,http://www.ladepechedubassin.fr,IPG,0929 Y 94027
GROUPE FRANCE AGRICOLE,SAS,93,lafranceagricole.fr,http://www.lafranceagricole.fr,39bisA,0628 Z 91886
LES GAZETTES ASSOCIÉES - SAGA,SA,34,lagazettedemontpellier.fr,http://www.lagazettedemontpellier.fr,IPG,0427 Y 90434
LES GAZETTES ASSOCIÉES - SAGA,SA,34,lagazettedenimes.fr,http://www.lagazettedenimes.fr,IPG,0129 Y 93841
GROUPE MONITEUR,SAS,94,lagazettedescommunes.com,http://www.lagazettedescommunes.com,39bisA,1026 Z 91180
LA GAZETTE France,SAS,59,lagazettefrance.fr,http://www.lagazettefrance.fr,,1029 W 95336
SPAM (Société de Presse de l’Agglomération de Montpellier),SARL,34,lagglorieuse.info,https://www.lagglorieuse.info/,IPG,0930 Y 94336
SOCIETE D'EDITION ET DE PUBLICITES AGRICOLES DU DEPARTEMENT DE L'AIN AGRICOLE SEPADA,SARL,01,lainagricole.fr,http://www.lainagricole.fr,,0628 W 93718
INDIGO PUBLICATIONS,SAS,75,lalettre.fr,https://www.lalettre.fr/,IPG,0127 Y 90643
SERONI INTERACTIVE,SAS,75,lalettredelassurance.com,http://www.lalettredelassurance.com,,0131 W 92942
INVESTIR PUBLICATIONS,SAS,75,lalettredelexpansion.com,http://www.lalettredelexpansion.com,,0530 W 95118
LA LETTRE DU MUSICIEN,SARL,75,lalettredumusicien.fr,http://www.lalettredumusicien.fr,39bisA,0626 Z 92359
M,SARL,34,lalettrem.fr,http://www.lalettrem.fr,,1030 W 92224
"Communiquer, informer et vivre au pays - CIVAP",Association,48,lalozerenouvelle.com,http://www.lalozerenouvelle.com,IPG,0631 Y 94569
SOCIETE ALSACIENNE DE PUBLICATIONS,SAS,68,lalsace.fr,http://www.lalsace.fr,IPG,0128 Y 91659
SOCIETE D'EDITION LA MANCHE LIBRE,SARL,50,lamanchelibre.fr,http://www.lamanchelibre.fr,IPG,0230 Y 90290
CHAMPAGNE EDITIONS,SARL,51,la-marne-agricole.fr,http://www.la-marne-agricole.fr,39bisB,0631 X 90776
CHAMPAGNE EDITIONS,SARL,51,la-marne-viticole.fr,http://www.la-marne-viticole.fr,39bisB,0927 X 94967
LE GROUPE LA MARSEILLAISE,SAS,13,lamarseillaise.fr,http://www.lamarseillaise.fr,IPG,0127 Y 90469
LA TRIBUNE,SARL,26,lamaurienne.fr,http://www.lamaurienne.fr,,0526 W 93076
DECIDENTO,SARL,69,laminutepositive.com,http://laminutepositive.com,39bisB,0930 X 92643
LA MONTAGNE,SA,63,lamontagne.fr,http://www.lamontagne.fr,IPG,0930 Y 90574
ATLANTIQUE ENERGIE,Micro-entrepreneur,49,landesinfo.net,https://landesinfo.net/,,0927 W 94070
L'IMPRIMERIE BRISSON,SARL,17,langerienlibre.fr,http://www.langerienlibre.fr,IPG,0927 Y 94340
NOUVELLE REPUBLIQUE DU CENTRE OUEST,SA,37,lanouvellerepublique.fr,http://www.lanouvellerepublique.fr,IPG,0130 Y 90223
EDITIONS GUYANAISES / L’APOSTILLE,SASU,97,lapostille.fr,https://www.lapostille.fr,39bisA,0928 Z 93746
Société Nouvelle des Editions Comtoises,SARL,70,lapressedegray.com,https://www.lapressedegray.com/,IPG,0728 Y 94653
Société Nouvelle des Editions Comtoises,SARL,70,lapressedevesoul.com,https://www.lapressedevesoul.com/,IPG,0528 Y 94604
LA PROVENCE,SA,13,laprovence.com,http://www.laprovence.com,IPG,0631 Y 90334
SOCIETE DU JOURNAL L'UNION,SA,51,lardennais.fr,https://www.lardennais.fr/,IPG,0326 Y 94219
LA RENAISSANCE DU LOIR ET CHER,SARL,41,larenaissanceduloiretcher.fr,https://larenaissanceduloiretcher.fr/,IPG,0929 Y 94020
LA RENAISSANCE,SARL,71,larenaissancehebdo.fr,http://www.larenaissancehebdo.fr,IPG,0631 Y 94580
REPUBLIQUE DU CENTRE,SAPO,45,larep.fr,https://www.larep.fr,IPG,0128 Y 91667
PYRÉNÉES PRESSE,SA,64,larepubliquedespyrenees.fr,http://www.larepubliquedespyrenees.fr,IPG,0730 Y 90419
IPD,SAS,94,larevuedujouet.fr,http://www.larevuedujouet.fr,39bisB,0327 X 94855
GLOBAL MEDIA SANTE,SAS,92,larevuedupraticien.fr,http://www.larevuedupraticien.fr,39bisB,0230 X 90254
SNEEP,SAS,75,largus.fr,https://www.largus.fr/,,0230 W 90271
PYC MEDIA,SAS,75,larpf.fr,http://larpf.fr,,0127 W 91235
LES MEDIAS EPHEMERES,SASU,69,larrierecour.fr,http://www.larrierecour.fr/,IPG,0327 Y 94199
DIRECTION ET GESTION,SARL,91,larsg.fr,http://www.larsg.fr,39bisB,0729 X 93974
Revue du Vin de France,SAS,92,larvf.com,http://www.larvf.com,,0330 W 95423
LSDJ,SASU,91,laselectiondujour.com,https://www.laselectiondujour.com,IPG,0526 Y 93986
EDI.M3,SAS,57,lasemaine.fr,https://www.lasemaine.fr/,IPG,0929 Y 92418
LES EDITIONS DE LA SEMAINE,SARL,03,lasemainedelallier.fr,https://www.lasemainedelallier.fr,IPG,0928 Y 93754
SOCIETE ARDENNAISE DE PRESSE,SAS,59,lasemainedesardennes.fr,https://www.lasemainedesardennes.fr/,IPG,0528 Y 94603
EDITIONS DE L'ADOUR,SARL,65,lasemainedespyrenees.fr,http://www.lasemainedespyrenees.fr,IPG,0527 Y 92321
LES EDITIONS DE CELESTINA,SARL,66,lasemaineduroussillon.com,http://www.lasemaineduroussillon.com,IPG,0131 Y 91099
MARTIN MEDIA,SAS,55,lassmat.fr,https://www.lassmat.fr,39bisB,1127 X 93531
LA STORIA,SARL,06,la-strada.net,http://www.la-strada.net,39bisB,0526 X 95297
SOCIETE COMTOISE D'EDITION ET D'INFORMATION,SAS,25,laterredecheznous.com,http://www.laterredecheznous.com,39bisB,0328 X 95095
L'OBSERVATEUR,SAS,59,la-thierache.fr,http://www.la-thierache.fr,IPG,0527 Y 92323
GROUPE FRANCE AGRICOLE,SAS,93,latoque.fr,http://www.latoque.fr,39bisB,0129 X 94809
LA TRIBUNE NOUVELLE,SAS,31,latribune.fr,http://www.latribune.fr,IPG,1226 Y 90117
LA TRIBUNE AUTO.COM,SARL,78,latribuneauto.com,http://www.latribuneauto.com,,0127 W 90435
LA TRIBUNE DE L'ART,SARL,75,latribunedelart.com,http://www.latribunedelart.com,39bisA,1229 Z 90063
INCA,SASU,70,lavenirleconfolentais.fr,http://www.lavenirleconfolentais.fr,IPG,1126 Y 94751
MALESHERBES PUBLICATIONS,SA,75,lavie.fr,http://www.lavie.fr,IPG,0626 Y 90930
LA VIE COMMUNALE ET DEPARTEMENTALE,SA,75,laviecommunale-actualites.fr,http://www.laviecommunale-actualites.fr,,0430 W 92698
LES EDITIONS CORREZIENNES,SARL,19,laviecorrezienne.fr,http://www.laviecorrezienne.fr,IPG,1126 Y 94118
EDITIONS LA VIE DU RAIL,SA,75,laviedurail.com,http://www.laviedurail.com,39bisB,0628 X 95135
COMPAGNIE DES MÉDIAS ET PUBLICATIONS RHÔNE-ALPES - COMPRA,SAS,38,la-vie-nouvelle.fr,http://www.la-vie-nouvelle.fr,IPG,0930 Y 92805
LA CROIX DE LA HAUTE MARNE,SARL,52,lavoixdelahautemarne.fr,https://www.lavoixdelahautemarne.fr/,IPG,0729 Y 93978
HCR,SAS,01,lavoixdelain.fr,https://www.lavoixdelain.fr/,IPG,0729 Y 93976
LA VOIX DU NORD,SA,59,lavoixdunord.fr,https://www.lavoixdunord.fr/,IPG,0430 Y 90328
SADIAR,SA,12,lavolontepaysanne.fr,http://www.lavolontepaysanne.fr,39bisB,1126 X 94764
SOCIETE DES PUBLICATIONS DU COURRIER DE L OUEST,SA,49,LE COURRIER DE L'OUEST - Application,LE COURRIER DE L'OUEST - Application,39bisA,0331 Z 95548
PLAY BAC PRESSE,SAS,75,Le petit quotidien - Application,Le petit quotidien - Application,IPG,0527 Y 93405
MISSION POSSIBLE,SARL,56,Le plongeoir - newsletter,Le plongeoir - newsletter,,1026 W 95361
TRANCHET MEDIA,SAS,74,Le ticket - Newsletter,Le ticket - Newsletter,39bisB,1129 X 95032
10 MEDIAS,SAS,92,le10sport.com,https://le10sport.com,,1127 W 90654
FGH INVEST,SAS,75,le1hebdo.fr,http://le1hebdo.fr,IPG,0526 Y 93073
EMPREINTE SXM,SARL,97,le97150.fr,http://www.le97150.fr,39bisA,1126 Z 95011
EDITIONS PARISIENNES,SASU,75,lebatimentperformant.fr,https://lebatimentperformant.fr,39bisB,0627 X 91403
LE BERRY REPUBLICAIN,SAS,18,leberry.fr,http://www.leberry.fr,IPG,0930 Y 90577
SEDA,SARL,75,lebetteravier.fr,https://www.lebetteravier.fr,39bisB,1128 X 93799
L'ABEILLE DE LA TERNOISE.COMMUNICATION,SAS,62,lebonhommepicard.fr,https://www.lebonhommepicard.fr/,IPG,1129 Y 94094
LES EDITIONS MARECHAL LE CANARD ENCHAINE,SAS,75,lecanardenchaine.fr,http://www.lecanardenchaine.fr,IPG,0130 Y 95390
CANCERODIGEST,SARL,63,lecancer.fr,http://lecancer.fr,39bisB,0926 X 92416
REWORLD MEDIA MAGAZINES,SAS,92,lechasseurfrancais.com,http://www.lechasseurfrancais.com,,0329 W 94863
Société Nouvelle d'Imprimerie (SNI),SARL,21,lechatillonnaisetlauxois.fr,https://www.lechatillonnaisetlauxois.fr/,IPG,0726 Y 94367
LES EDITIONS DE LA RHF,SAS,75,lechef.com,https://www.lechef.com,,0626 W 90940
L'ABEILLE DE LA TERNOISE.COMMUNICATION,SAS,62,lechoduthelle.fr,https://www.lechoduthelle.fr/,IPG,0728 Y 94095
B2M,SARL,06,lechommerces.fr,http://www.lechommerces.fr,39bisB,0330 X 93614
ECHO COMMUNICATION,SA,28,lechorepublicain.fr,https://www.lechorepublicain.fr,IPG,0128 Y 91655
PROMOTION PRESSE INTERNATIONALE,SAS,75,leclaireur-coiffeurs.com,https://www.leclaireur-coiffeurs.com,,1028 W 92124
PLAY BAC PRESSE,SAS,75,L'éco - Application,L'éco - Application,IPG,0527 Y 93404
LE CONNECTEUR,Association,63,leconnecteur.org,https://www.leconnecteur.org/,39bisA,1126 Z 94086
SOCIETE CAUCHOISE DE PRESSE ET DE PUBLICITE,SARL,76,lecourriercauchois.fr,http://www.lecourriercauchois.fr,IPG,0130 Y 94163
Guadeloupe plus,SARL,75,lecourrierdeguadeloupe.com,https://lecourrierdeguadeloupe.com/,IPG,0526 Y 95296
LE COURRIER DE LA MAYENNE,SAS,53,lecourrierdelamayenne.fr,http://www.lecourrierdelamayenne.fr,IPG,0928 Y 93826
L'OBSERVATEUR,SAS,59,lecourrierdhirson.fr,https://www.lecourrierdhirson.fr/,IPG,0728 Y 94090
LE CRESTOIS,SCOP,26,le-crestois.fr,http://le-crestois.fr/,IPG,0531 Y 94145
EDITIONS LARIVIERE,SAS,92,lecycle.fr,http://www.lecycle.fr,,0327 W 94845
LE DAUPHINE LIBERE,SA,38,ledauphine.com,http://www.ledauphine.com,IPG,0531 Y 90259
LES EDITIONS DU DEMOCRATE,SARL,24,ledemocratedebergerac.fr,https://www.ledemocratedebergerac.fr/,IPG,1127 Y 94087
SAVOIE EDITIONS,SAS,74,lefaucigny.fr,http://www.lefaucigny.fr,IPG,1127 Y 93530
SOCIETE DU FIGARO,SAS,75,lefigaro.fr,http://www.lefigaro.fr,IPG,1229 Y 90143
LFF MEDIA,SARL,75,lefilmfrancais.com,http://www.lefilmfrancais.com,39bisB,0129 X 91759
LE GOBELIN DU TERNOIS,Association,62,legobelinduternois.com,https://www.legobelinduternois.com,,0626 W 93946
LE JOURNAL DU CENTRE,SA,58,lejdc.fr,http://www.lejdc.fr,IPG,0930 Y 90576
LAGARDERE MEDIA NEWS,SAS,75,lejdd.fr,http://www.lejdd.fr,IPG,1229 Y 90098
L'ABEILLE DE LA TERNOISE.COMMUNICATION,SAS,62,lejournaldeham.fr,https://www.lejournaldeham.fr/,IPG,1129 Y 94096
RMP,SAS,92,lejournaldelamaison.fr,http://www.lejournaldelamaison.fr,,0326 W 95092
JGP MEDIA,SAS,75,lejournaldelaxeseine.fr,https://www.lejournaldelaxeseine.fr/,,1126 W 94083
BARA,SARL,97,lejournaldemayotte.yt,https://lejournaldemayotte.yt,IPG,0131 Y 92314
ARTCLAIR EDITIONS,SAS,75,lejournaldesarts.fr,http://www.lejournaldesarts.fr,39bisB,0630 X 92739
MANCHE ATLANTIQUE PRESSE,SAS,44,lejournaldesentreprises.com,http://www.lejournaldesentreprises.com,39bisA,0929 Z 92430
TARN MEDIAS,SARL,81,lejournaldici.com,https://www.lejournaldici.com,IPG,0328 Y 93620
JGP MEDIA,SAS,75,lejournaldugrandparis.fr,http://www.lejournaldugrandparis.fr,39bisA,1126 Z 92555
PRESSE ET MEDIA DE GIRONDE,SARL,33,lejournaldumedoc.fr,https://www.lejournaldumedoc.fr,IPG,0929 Y 94025
NEWS MEDIA 3.1,SCOP,31,lejournaltoulousain.fr,http://www.lejournaltoulousain.fr,IPG,0927 Y 93491
EST BOURGOGNE MEDIA,SA,21,lejsl.com,http://www.lejsl.com,IPG,0627 Y 90330
MEDIA KIOSQUE,SAS,49,le-kiosque.org,http://www.le-kiosque.org,IPG,0630 Y 91500
FDF Editions,SASU,97,lelegis.fr,https://www.lelegis.fr,39bisA,0928 Z 93747
SCRINEO,SAS,75,lelephant-larevue.fr,http://www.lelephant-larevue.fr,IPG,0627 Y 94947
LES EDITIONS DU PHARE,SAS,17,le-littoral.com,https://www.le-littoral.com,IPG,1128 Y 93794
SOFAPEL,SAS,75,lemediaa.com,http://www.lemediaa.com,IPG,0926 Y 94335
EDITIONS LEGISLATIVES,SASU,92,lemediasocial.fr,http://www.lemediasocial.fr,39bisB,0127 X 94140
LE MEDIA,SCIC,75,lemediatv.fr,http://www.lemediatv.fr,IPG,0327 Y 94203
BUZ BUZ,SARL,97,lememento.paris,http://www.lememento.paris,,0529 W 94902
IMPRIMERIE DU MESSAGER,SA,74,lemessager.fr,https://www.lemessager.fr/,IPG,0130 Y 94148
LE MOCI - LE MONITEUR DU COMMERCE INTERNATIONAL,SASU,75,lemoci.com,http://www.lemoci.com,39bisB,0230 X 90318
LE MOMENT,Association,75,lemoment.org,http://www.lemoment.org,39bisA,1025 Z 95199
SOCIETE EDITRICE DU MONDE,SA,75,lemonde.fr,http://www.lemonde.fr,IPG,1229 Y 90064
Unique Heritage Presse,SAS,75,lemondedesados.fr,http://www.lemondedesados.fr,IPG,0928 Y 94697
EDITIONS LARIVIERE,SAS,92,lemondeducampingcar.fr,http://www.lemondeducampingcar.fr,,0327 W 94846
EDITIONS LARIVIERE,SAS,92,lemondedupleinair.com,http://www.lemondedupleinair.com,,0327 W 94847
PYC MEDIA,SAS,75,lemondedusurgele.fr,http://lemondedusurgele.fr,,0127 W 91236
GROUPE MONITEUR,SAS,94,lemoniteur.fr,http://www.lemoniteur.fr,39bisB,0230 X 90261
1HEALTHMEDIA - HEALTH INITIATIVE,SAS,75,lemoniteurdespharmacies.fr,http://www.lemoniteurdespharmacies.fr,39bisB,0926 X 92330
GROUPE MONITEUR,SAS,94,lemoniteurmateriels.fr,http://www.lemoniteurmateriels.fr,39bisB,0329 X 94854
L'ATELIER MEDIATIQUE,Association,12,lempaille.fr,https://lempaille.fr/,,0730 W 95454
EDITIONS NUIT ET JOUR,SAS,92,lenouveaudetective.com,http://www.lenouveaudetective.com,39bisA,1127 Z 95010
LE NOUVEAU PARADIGME,SAS,75,lenouveauparadigme.fr,https://lenouveauparadigme.fr/,IPG,0727 Y 95457
SOCIETE NOUVELLE DU NOUVEL ECONOMISTE (S2NE),SA,75,lenouveleconomiste.fr,https://www.lenouveleconomiste.fr/,IPG,0728 Y 90241
LE PHOENIX,SASU,75,lenouvelespritpublic.fr,http://www.lenouvelespritpublic.fr,IPG,0326 Y 93879
LE PARISIEN LIBERE,SAS,75,leparisien.fr,http://www.leparisien.fr,IPG,1230 Y 90112
CENTRE France HEBDOS,SAS,63,le-pays.fr,https://www.le-pays.fr,IPG,0130 Y 94139
LE PAYSAN VIGNERON,SARL,16,lepaysanvigneron.com,http://lepaysanvigneron.com/,39bisB,1129 X 90277
BAYARD,SA,92,lepelerin.com,http://www.lepelerin.com,IPG,0926 Y 90211
LE PELICAN MESSAGER,SARL,97,lepelican-journal.com,http://www.lepelican-journal.com,IPG,0531 Y 90870
LE PETIT JOURNAL.COM,SARL,06,lepetitjournal.com,https://lepetitjournal.com,IPG,0130 Y 90101
EDITIONS ARC EN CIEL,SARL,82,lepetitjournal.net,http://www.lepetitjournal.net,IPG,0527 Y 93385
MANGO MEDIA,Association,74,lepetitreporterdu73.com,https://www.lepetitreporterdu73.com/,39bisA,0926 Z 94324
LE PHOCEEN,SARL,13,lephoceen.fr,http://www.lephoceen.fr,,1126 W 95375
LE POHER HEBDO,SARL,29,lepoher.fr,https://www.lepoher.fr,IPG,0129 Y 93839
1HEALTHMEDIA - HEALTH INITIATIVE,SAS,75,lepointveterinaire.fr,http://www.lepointveterinaire.fr,39bisB,0926 X 92242
LE POPULAIRE DU CENTRE,SA,87,lepopulaire.fr,http://www.lepopulaire.fr,IPG,0930 Y 90575
SATSE PUBLICATIONS,SAS,76,lepoulpe.info,http://www.lepoulpe.info,IPG,0726 Y 93981
ALFA Editions,EURL,97,leprobant.fr,https://www.leprobant.fr,39bisA,0928 Z 93745
GROUPE PROGRES,SA,69,leprogres.fr,http://www.leprogres.fr,IPG,1027 Y 91558
AVEYRON INFO,SARL,12,leprogresstaffricain.fr,https://www.leprogresstaffricain.fr/,IPG,0730 Y 94237
L'EQUIPE 24/24,SASU,92,lequipe.fr,http://www.lequipe.fr,,1229 W 90137
MEDIA CAPITAL REUNION,SAS,97,lequotidien.re,https://www.lequotidien.re,IPG,0330 Y 90496
BEAUX ARTS & CIE,SAS,75,lequotidiendelart.com,https://www.lequotidiendelart.com,39bisB,0330 X 91298
GROUPE PROFESSION SANTE,SAS,92,lequotidiendumedecin.fr,http://www.lequotidiendumedecin.fr,,0626 W 90942
GROUPE PROFESSION SANTE,SAS,92,lequotidiendupharmacien.fr,http://www.lequotidiendupharmacien.fr,39bisB,1130 X 92706
MAITRE-SPORT,SARL,75,lereportersablais.com,http://www.lereportersablais.com,,0130 W 93081
S.E.P.L,SARL,33,leresistant.fr,https://www.leresistant.fr/,IPG,0929 Y 94028
PRESSE EDITION PUBLICITE,SARL,30,lereveildumidi.fr,http://www.lereveildumidi.fr,IPG,0930 Y 94330
HCR,SAS,01,le-reveil-vivarais.fr,http://www.le-reveil-vivarais.fr,IPG,0726 Y 94640
LE REVENU FRANCAIS EDITIONS,SAS,75,lerevenu.com,http://www.lerevenu.com,,0527 W 91094
FOLK MEDIA,SARL,31,lerugbynistere.fr,http://www.lerugbynistere.fr,,1127 W 92873
Equamed,SAS,92,Les brèves d'Equamed - Newsletter,Les brèves d'Equamed - Newsletter,,1027 W 95508
DM EDITIONS,SARL,97,Les Nouvelles de Mayotte - Newsletter,Les Nouvelles de Mayotte - Newsletter,IPG,0127 Y 92585
IMPRIMERIE GASPARD-ROYER,SARL,70,lesaffichesdelahautesaone.fr,http://www.lesaffichesdelahautesaone.fr,IPG,0726 Y 94643
JOURNAL LE SAINT-AFFRICAIN - JLSA,SARL,12,lesaintaffricain.fr,https://lesaintaffricain.fr/,,0526 W 94448
LES CLES DU DIGITAL,SAS,75,lesclesdudigital.fr,https://www.lesclesdudigital.fr,,0330 W 93624
LES ECHOS,SAS,75,lesechos.fr,https://www.lesechos.fr,IPG,1229 Y 90102
LES ENOVATEURS,Association,69,les-enovateurs.com,https://les-enovateurs.com/,39bisA,0130 Z 95256
PRESSE GENERALISTE DES FRANCAIS DE L'ETRANGER,SAS,75,lesfrancais.press,https://www.lesfrancais.press,IPG,0930 Y 93761
GLORIA MEDIA,SASU,75,lesglorieuses.fr,http://www.lesglorieuses.fr,39bisA,1127 Z 94169
LES HORIZONS,SAS,44,leshorizons.net,https://leshorizons.net/,39bisB,0527 X 94022
En humanités,Association,02,leshumanites-media.com,https://www.leshumanites-media.com/,IPG,0631 Y 95167
SOCIETE D'EDITION DU BASSIN DE L'ADOUR,SARL,64,lesillon.info,http://www.lesillon.info,39bisB,0730 X 90467
AGENCEHV,SASU,34,lesindiscretions.com,https://www.lesindiscretions.com,39bisB,1227 X 95526
LES INFOS DU PAYS GALLO,SAS,56,lesinfosdupaysgallo.com,http://www.lesinfosdupaysgallo.com,IPG,0627 Y 92771
LES EDITIONS INDEPENDANTES,SA,75,lesinrocks.com,http://www.lesinrocks.com,IPG,0130 Y 90219
LES JOURS,SAS,75,lesjours.fr,https://lesjours.fr,IPG,0128 Y 92937
Les Ami(e)s des Nouvelles News - AANN,Association,75,lesnouvellesnews.fr,http://www.lesnouvellesnews.fr,IPG,0430 Y 90396
LES PRO DE LA PETITE ENFANCE,SAS,75,lesprosdelapetiteenfance.fr,https://lesprosdelapetiteenfance.fr,39bisB,0927 X 93292
Les Rétais Productions,SAS,17,les-retais.fr,http://www.les-retais.fr,39bisA,0326 Z 94870
HEADway ADVISORY,SAS,75,L'essentiel du sup - Newsletter,L'essentiel du sup - Newsletter,,1130 W 93756
L'ESSENTIEL,SAS,75,lessentiel.fr,http://www.lessentiel.fr,39bisA,1126 Z 95374
LES SPORTIVES,SASU,70,lessportives.fr,https://www.lessportives.fr/,,1128 W 93238
LES SURLIGNEURS,Association,75,lessurligneurs.eu,http://www.lessurligneurs.eu,39bisA,0928 Z 94385
L'EST ECLAIR,SAS,10,lest-eclair.fr,http://www.lest-eclair.fr,IPG,0127 Y 90288
IMPRIMERIE COOPERATIVE DU SUD-OUEST,SA,81,letarnlibre.com,http://www.letarnlibre.com,IPG,0328 Y 91752
LE TELEGRAMME,SAS,29,letelegramme.fr,http://www.letelegramme.fr,IPG,0631 Y 91653
SOCIETE INDEPENDANTE DE PUBLICATION (SIP),SARL,90,letrois.info,https://www.letrois.info,IPG,1129 Y 93534
GROUPE MONITEUR,SAS,94,lettreducadre.fr,http://www.lettreducadre.fr,39bisA,0128 Z 91663
EDITIONS LA VIE DU RAIL,SA,75,lettreducheminot.fr,http://www.lettreducheminot.fr,39bisB,0630 X 95136
TECHNIQUES ENTREPRISES REUNIES REAL IMMO,SAS,75,lettrem2.com,http://www.lettrem2.com,39bisB,0928 X 95187
L'ETUDIANT,SASU,75,letudiant.fr,http://www.letudiant.fr,39bisA,1128 Z 92127
L'EVEIL DE LA HAUTE-LOIRE,SA,43,leveil.fr,https://www.leveil.fr,IPG,0328 Y 91755
LEXBASE,SA,75,lexbase.fr,http://www.lexbase.fr,39bisB,0327 X 92651
Lex Daily News,SAS,75,lexdailynews.fr,https://www.lexdailynews.fr,39bisA,0529 Z 94908
GROUPE EXPRESS,SA,75,lexpress.fr,http://www.lexpress.fr,IPG,0726 Y 90095
LES EDITIONS NUMERIQUES JURIDIQUES,Association,75,lextimes.fr,http://www.lextimes.fr,,0327 W 90884
Z LE ZEPHYR,SAS,75,lezephyrmag.com,https://www.lezephyrmag.com,39bisA,0331 Z 93495
L'AUNISIENNE DE PRESSE,SARL,17,lhebdo17.fr,http://www.lhebdo17.fr,IPG,0726 Y 94259
HEBDO PRESSE DEVELOPPEMENT,SARL,51,lhebdoduvendredi.com,http://www.lhebdoduvendredi.com,IPG,0128 Y 94431
EDITIONS CROQUE FUTUR,SAS,75,lhistoire.fr,http://www.lhistoire.fr,,1126 W 94743
SOCIÉTÉ D'EDITIONS ET DE PÉRIODIQUES TECHNIQUES,SAS,75,lhotellerie-restauration.fr,http://www.lhotellerie-restauration.fr,39bisB,0427 X 90331
LAMY LIAISONS,SAS,93,liaisons-sociales.fr,https://www.liaisons-sociales.fr,39bisB,0129 X 93847
LIBERATION,SARL,75,liberation.fr,http://www.liberation.fr,IPG,1229 Y 90066
L'EST ECLAIR,SAS,10,liberation-champagne.fr,http://www.liberation-champagne.fr,IPG,0327 Y 94859
EDITION PRESSE HEBDO,SARL,62,liberte-actus.fr,http://www.liberte-actus.fr,IPG,0130 Y 95335
SNLE LIBERTE-HEBDO,SAS,59,libertehebdo.fr,http://www.libertehebdo.fr,IPG,1127 Y 95029
LE JOURNAL-INFO,Association,75,librejournal.fr,https://librejournal.fr,IPG,0626 Y 95317
LIEN HORTICOLE,SAS,34,lienhorticole.fr,http://www.lienhorticole.fr,39bisB,0127 X 94814
LIEN SOCIAL,SARL,31,lien-social.com,http://www.lien-social.com,39bisA,0726 Z 93149
ICL,SARL,70,limogesinfos87.fr,http://www.limogesinfos87.fr,IPG,0728 Y 94642
DEVAL PRESSE INFOS,SAS,26,limpartial.fr,http://www.limpartial.fr,IPG,0130 Y 93584
L'INCORRECT,SAS,75,lincorrect.org,http://www.lincorrect.org,IPG,0527 Y 94909
L'INDEPENDANT DU MIDI,SA,66,lindependant.fr,https://www.lindependant.fr,IPG,0530 Y 90471
ELO PRESSE,SAS,35,lineaires.com,http://www.lineaires.com,39bisB,1129 X 94076
ANTENNE REUNION TELEVISION,SA,97,linfo.re,http://www.linfo.re,IPG,0928 Y 92361
VALDAMIS,SAS,75,linfodurable.fr,https://www.linfodurable.fr,39bisA,0131 Z 93612
SOCIETE EDITRICE DE L'INFORME,SAS,75,linforme.com,http://www.linforme.com,IPG,0130 Y 95064
L'ESSENTIEL CULTUREL,Association,75,linfotoutcourt.com,https://linfotoutcourt.com,,1029 W 93203
INNOMEDIAS,SAS,45,linspiration-politique.fr,https://www.linspiration-politique.fr/,39bisA,0927 Z 94678
CCM BENCHMARK GROUP,SAS,75,linternaute.com,http://www.linternaute.com,IPG,0131 Y 95240
PUBLICATIONS AGORA FRANCE,SARL,75,L'investisseur 360 - Newsletter,L'investisseur 360 - Newsletter,,1126 W 95372
LISBETH MEDIA,Association,29,lisbethmedia.com,https://lisbethmedia.com/,39bisA,1126 Z 94942
COM'SOL COMMUNICATION SOLIDARITE,SARL,75,liti.fr,http://www.liti.fr,39bisA,0927 Z 94968
ELECTRE,SA,75,livreshebdo.fr,http://www.livreshebdo.fr,39bisB,1130 X 90684
LAMY LIAISONS,SAS,93,lja.fr,http://www.lja.fr,39bisB,0727 X 94084
GD Connexion,SARL,98,lnc.nc,http://www.lnc.nc,IPG,1030 Y 90772
L'OBSERVATEUR,SAS,59,lobservateur.fr,http://www.lobservateur.fr,IPG,0926 Y 93204
L'ABEILLE DE LA TERNOISE.COMMUNICATION,SAS,62,lobservateurdebeauvais.fr,https://www.lobservateurdebeauvais.fr/,IPG,1129 Y 94097
L'ŒIL DE LA PHOTOGRAPHIE,SAS,75,loeildelaphotographie.com,http://www.loeildelaphotographie.com,,0326 W 92223
EDITIONS LARIVIERE,SAS,92,lofficielducycle.com,http://www.lofficielducycle.com,,0327 W 94848
INF'AGRI 44,SARL,44,loire-atlantique-agricole.fr,https://loire-atlantique-agricole.fr,39bisB,1128 X 93790
LOKKO,SASU,34,lokko.fr,https://www.lokko.fr/,39bisA,0926 Z 94023
OPINION INDEPENDANTE DU SUD-OUEST,SAS,31,lopinion.com,https://lopinion.com/,IPG,0730 Y 94240
BEY MEDIAS PRESSE ET INTERNET,SAS,75,lopinion.fr,http://www.lopinion.fr,IPG,1028 Y 92036
IPD,SAS,94,lsa-conso.fr,http://www.lsa-conso.fr,39bisB,1029 X 90089
LA SEMAINE DU PAYS BASQUE,SAS,64,lspb.fr,http://www.lspb.fr,IPG,0327 Y 94857
SOCIETE DU JOURNAL L'UNION,SA,51,lunion.fr,https://www.lunion.fr,IPG,0130 Y 90242
AGENCE RG+,SASU,69,lyon.cscience.info,https://lyon.cscience.info/,39bisA,0526 Z 95289
LYON CAPITALE,SAS,92,lyoncapitale.fr,https://www.lyoncapitale.fr,IPG,0930 Y 94323
LYON DECIDEURS,SAS,69,lyondecideurs.com,http://www.lyondecideurs.com,,0726 W 94645
LYON ENTREPRISES,SAS,69,lyon-entreprises.com,http://www.lyon-entreprises.com,,0327 W 94215
LA NEWS,SARL,69,lyonmag.com,http://www.lyonmag.com,IPG,0330 Y 94198
L'YONNE REPUBLICAINE,SA,89,lyonne.fr,http://www.lyonne.fr,IPG,0930 Y 90578
LYON PEOPLE,EURL,69,lyonpeople.com,https://www.lyonpeople.com/,,0927 W 94341
SYLVAIN D'HUISSEL,Micro-entrepreneur,42,lyonpoleimmo.com,http://www.lyonpoleimmo.com,,1126 W 91369
MACGENERATION,SARL,69,macg.co,http://www.macg.co,,0929 W 93490
SOCIETE FRANCAISE DES EDITIONS TECHNIQUES,SAS,92,machinesproduction.fr,http://www.machinesproduction.fr,39bisB,0527 X 94920
MACOMMUNE.INFO,SARL,25,macommune.info,http://www.macommune.info,IPG,0230 Y 90275
MACON-INFOS,SARL,71,macon-infos.com,http://www.macon-infos.com,,0127 W 94158
NOVADOXE,SAS,75,maddyness.com,http://www.maddyness.com,,0331 W 95221
COM'IN MARSEILLE (Made in Marseille),SASU,13,madeinmarseille.net,https://madeinmarseille.net,IPG,0629 Y 93196
MADE IN PERPIGNAN,SARL,66,madeinperpignan.com,https://madeinperpignan.com,IPG,0928 Y 93205
MADMOIZELLE AGENCY,SAS,75,madmoizelle.com,http://www.madmoizelle.com,,0926 W 94943
ANDRH - ASSOCIATION NATIONALE DES DIRECTEURS DES RESSOURCES HUMAINES,Association,75,magazineandrh.fr,http://www.magazineandrh.fr/,39bisB,0331 X 95544
MARIE CLAIRE ALBUM,SAS,92,magazine-avantages.fr,http://www.magazine-avantages.fr,,0330 W 95421
MAGCENTRE,Association,45,magcentre.fr,http://www.magcentre.fr,IPG,0131 Y 92164
MARIE CLAIRE ALBUM,SAS,92,magicmaman.com,http://www.magicmaman.com,,0229 W 94826
MAGJOURNAL 77,SAS,77,magjournal77.fr,http://www.magjournal77.fr,39bisA,0927 Z 92802
HCR,SAS,01,magville.fr,http://www.magville.fr,,0926 W 94641
ASSOCIATION DES MAIRES DE France,Association,75,maire-info.com,http://www.maire-info.com,39bisA,1126 Z 94740
ASSOCIATION DES MAIRES DE France,Association,75,mairesdefrance.com,http://www.mairesdefrance.com,39bisA,0631 Z 95566
GROUPE PEDAGOFICHE,SAS,63,mairiexpertactu.fr,https://www.mairiexpertactu.fr,,0926 W 93766
GROUPE PEDAGOFICHE,SAS,63,mairiexpertbudget.fr,http://www.mairiexpertbudget.fr,,1126 W 94378
MARCELLE LE MEDIA,SAS,13,marcelle.media,http://www.marcelle.media,39bisA,0531 Z 93881
CMI France,SAS,75,marianne.net,https://www.marianne.net,IPG,0927 Y 91523
Projecteurtv.com,SAS,13,marie-celine.com,http://www.marie-celine.com,39bisB,1026 X 95340
MARIE CLAIRE ALBUM,SAS,92,marieclaire.fr,https://www.marieclaire.fr,39bisA,0128 Z 92044
EDI SIC,SARL,92,mariefrance.fr,http://www.mariefrance.fr,,0326 W 92318
SURPERFORMANCE,SAS,74,marketscreener.com,http://www.marketscreener.com,39bisB,0128 X 94443
MARSACTU,SAS,13,marsactu.fr,https://marsactu.fr,IPG,1126 Y 90826
PRESSE ANTILLES GUYANE,SAS,97,martinique.franceantilles.fr,http://www.martinique.franceantilles.fr,IPG,0727 Y 93571
France COMMUNICATION INTERNATIONAL,SAS,69,ma-sante.news,https://ma-sante.news/,,0927 W 95486
LA COMMUNICATION INDUSTRIELLE ET PROFESSIONNELLE,SAS,93,materielagricole.info,http://www.materielagricole.info,39bisB,0929 X 92426
LA COMMUNICATION INDUSTRIELLE ET PROFESSIONNELLE,SAS,93,materiel-paysage.com,http://www.materiel-paysage.com,39bisB,0127 X 94812
Les Petites Affiches Matot Braine,EURL,51,matot-braine.fr,http://www.matot-braine.fr,39bisA,0926 Z 94684
EDP SCIENCES,SAS,91,mattech-journal.org,http://www.mattech-journal.org,39bisB,0626 X 91361
ADVIMEDIA,SARL,75,maxifoot.fr,http://www.maxifoot.fr,,0527 W 91954
EDP SCIENCES,SAS,91,medecinesciences.org,http://www.medecinesciences.org,,0327 W 93282
MEDFEMINISWIYA.NETWORK,Association,69,medfeminiswiya.net,https://medfeminiswiya.net/,,0626 W 95318
IPARLA BAIGURA KOMUNIKAZIOA,SCIC,64,mediabask.eus,http://www.mediabask.eus,IPG,0929 Y 94017
MEDIACITES,SAS,92,mediacites.fr,http://www.mediacites.fr,IPG,0129 Y 93294
MEDIACOOP,SCOP,63,mediacoop.fr,http://www.mediacoop.fr,39bisA,0528 Z 93394
MEDIALOT,EIRL,46,medialot.fr,http://medialot.fr,IPG,1129 Y 92940
MEDIA NAW PLUS,SAS,41,medianawplus.fr,http://www.medianawplus.fr,IPG,0528 Y 94584
SOCIETE EDITRICE DE MEDIAPART,SAS,75,mediapart.fr,http://www.mediapart.fr,IPG,1229 Y 90071
Média'Pi !,Association,93,media-pi.fr,https://media-pi.fr/,IPG,0131 Y 94129
MEDIAVINOINFO,SAS,75,MédiavinoPro - Newsletter,MédiavinoPro - Newsletter,39bisB,1128 X 94776
SANTOR EDITION,SAS,92,mediscoop.net,http://www.mediscoop.net,39bisB,0428 X 92432
NEW PLANET MEDIA,SAS,75,medisite.fr,https://www.medisite.fr/,,0526 W 93940
WEBMD FRANCE,SARL,75,Medscape  Edition Française - Newsletter,Medscape Edition Française - Newsletter,,0727 W 91532
ERIC CHARPENTIER,Micro-entrepreneur,31,melles750.fr,http://www.melles750.fr,,1126 W 94777
LES EDITIONS DU KAPOTIER,SARL,97,memento.fr,https://www.memento.fr,IPG,0327 Y 94858
COMPRA,SASU,38,memodelisere.fr,https://www.memodelisere.fr/,IPG,0528 Y 93102
UNI MEDIAS,SAS,75,mercipourlinfo.fr,https://www.mercipourlinfo.fr/,39bisA,0927 Z 91530
LE TELEGRAMME,SAS,29,meretmarine.com,http://www.meretmarine.com,,0527 W 92370
MESINFOS,GIE,75,mesinfos.fr,http://www.mesinfos.fr,IPG,0628 Y 95142
LC EDITION,Entreprise individuelle,91,m-essonne.fr,http://www.m-essonne.fr,39bisB,0326 X 94484
EDP SCIENCES,SAS,91,metallurgical-research.org,http://www.metallurgical-research.org,39bisB,1026 X 93283
MICRO CANAP',EIRL,86,Micro canap' - Newsletter,Micro canap' - Newsletter,,0926 W 95499
PUBLICATIONS AGORA FRANCE,SARL,75,Microcaps fortune - Newsletter,Microcaps fortune - Newsletter,,0327 W 94507
SOCIETE DU JOURNAL MIDI LIBRE,SA,34,midilibre.fr,http://www.midilibre.fr,IPG,0430 Y 90371
Milk,SAS,92,milkdecoration.com,http://www.milkdecoration.com,,0129 W 95250
Milk,SAS,92,milkmagazine.net,http://www.milkmagazine.net,,0129 W 95251
12ACTU.COM,SARL,12,millavois.com,http://www.millavois.com,IPG,1129 Y 94397
WEBEDIA,SA,92,millenium.org,https://www.millenium.org/,,1026 W 94693
FRONTLINE MEDIA,SAS,75,mind.eu.com,http://www.mind.eu.com,IPG,0630 Y 95146
SOCIETE DE L'INDUSTRIE MINERALE,Association,75,minesetcarrieres.fr,http://www.minesetcarrieres.fr,39bisB,0330 X 95425
USKALZAIN,SARL,64,miroirdelasoule.com,https://miroirdelasoule.com/,,0726 W 95463
MISS TWEED PUBLISHING,SASU,75,misstweed.com,http://www.misstweed.com,39bisB,1127 X 94387
EDP SCIENCES,SAS,91,mmnp-journal.org,http://www.mmnp-journal.org,,0129 W 93285
NEWS TANK MOBILITES,SAS,75,mobilites.newstank.fr,https://mobilites.newstank.fr,,0531 W 94437
PRISMA MEDIA,SAS,92,Momentum - Newsletter,Momentum - Newsletter,39bisB,0630 X 95150
PLAY BAC PRESSE,SAS,75,Mon quotidien - Application,Mon quotidien - Application,IPG,0927 Y 91037
LE MONDE DIPLOMATIQUE,SA,75,monde-diplomatique.fr,http://www.monde-diplomatique.fr,IPG,0130 Y 90218
SOCIETE GUYANAISE DE PRESSE,SARL,97,monewsguyane.com,http://www.monewsguyane.com,IPG,1126 Y 94768
CALCAMO,SASU,35,moneyvox.fr,http://www.moneyvox.fr,39bisA,0927 Z 94112
PELLISSIER PAULINE ANNE MARIE,Micro-entrepreneur,75,monpetit20e.com,http://www.monpetit20e.com,,0326 W 95060
MON QUOTIDIEN AUTREMENT,SARL,92,monquotidienautrement.com,http://www.monquotidienautrement.com,,0926 W 91461
CPMRA,SAS,38,montagnes-magazine.com,http://www.montagnes-magazine.com,,1130 W 95023
MOSELLE T.V,SA,57,moselle.tv,http://www.moselle.tv,IPG,0727 Y 95467
La Moselle Agricole,SAS,57,moselleagricole.agri-info-nordest.fr,https://moselleagricole.agri-info-nordest.fr/,,1126 W 94754
ALTAPRESSE,SARL,75,moto-net.com,http://www.moto-net.com,,1226 W 90075
EDITIONS LARIVIERE,SAS,92,moto-station.com,http://www.moto-station.com,,0327 W 92240
LES EDITIONS SECONDES,SAS,18,mouvement.net,http://www.mouvement.net,,0526 W 90872
Studio Mouvement UP,SARL,75,mouvement-up.fr,http://www.mouvement-up.fr,39bisA,0526 Z 94596
MPROVENCE,SCOP,13,mprovence.com,http://www.mprovence.com,,0526 W 94758
AICP (Académie Internationale de Coupe de Paris),Association,75,mt2magazine.fr,http://www.mt2magazine.fr,,1127 W 95005
ALTER-MEDIAS,Association,93,multinationales.org,http://multinationales.org,39bisA,0327 Z 92638
Musae Média,Association,75,"Musae, votre dose d’inspirations et d’actions positives sur la santé mentale - Newsletter","Musae, votre dose d’inspirations et d’actions positives sur la santé mentale - Newsletter",,0127 W 94944
LES EDITIONS PRESENTES,Association,31,musique-journal.fr,http://www.musique-journal.fr,39bisB,0726 X 94247
COOPÉRATIVE D'INFORMATION ET D'EDITION MUTUALISTE (CIEM),SA,75,mutualistes.com,https://mutualistes.com/,,0530 W 90403
PLAY BAC PRESSE,SAS,75,My Little Weekly News - Application,My Little Weekly News  - Application,IPG,0629 Y 95320
PLAY BAC PRESSE,SAS,75,My Weekly News - Application,My Weekly News - Application,IPG,0629 Y 95321
ATLANTIQUE ENERGIE,Micro-entrepreneur,49,my-angers.info,http://www.my-angers.info,39bisA,0128 Z 92933
Natura Sciences,SAS,91,natura-sciences.com,https://www.natura-sciences.com/,IPG,0727 Y 94250
IPD,SAS,94,neorestauration.com,http://www.neorestauration.com,39bisB,1128 X 90090
SERONI ASSET,SAS,75,newsassetpro.com,http://www.newsassetpro.com,,0330 W 94867
SERONI INTERACTIVE,SAS,75,newsassurances.pro,https://www.newsassurances.pro/,,0929 W 91666
INPACT MEDIAGROUP,SARL,33,nextinpact.com,http://www.nextinpact.com,39bisA,0326 Z 92244
GROUPE NICE MATIN,SASU,06,nicematin.com,http://www.nicematin.com,IPG,1130 Y 90215
NICE-PRESSE,EURL,06,nicepresse.com,http://www.nicepresse.com,IPG,0127 Y 95395
NIGHT4GOOD,SAS,92,night4good.fr,http://www.night4good.fr,39bisA,0326 Z 95269
SOCIETE NOUVELLE NORD LITTORAL,SA,62,nordlittoral.fr,https://www.nordlittoral.fr/,IPG,0531 Y 91040
LS MEDIANORD SANSON,EIRL,59,nordsports-mag.fr,http://www.nordsports-mag.fr,,0926 W 92429
NOTRE PLANETE INFO,Entreprise individuelle,17,notre-planete.info,https://www.notre-planete.info,39bisA,0326 Z 92250
BAYARD,SA,92,notretemps.com,http://www.notretemps.com,39bisA,1229 Z 90127
NOUVELLES EDITIONS CARIBEENNES,SARL,97,nouvellessemaine.fr,http://www.nouvellessemaine.fr,IPG,1126 Y 94760
LE NOUVEL OBSERVATEUR DU MONDE,SA,75,nouvelobs.com,https://www.nouvelobs.com/,IPG,0130 Y 90243
NOVASTAN France,Association,75,novastan.org,https://www.novastan.org,IPG,0327 Y 94200
MEDIAS DE PROXIMITE,SAS,31,nrpyrenees.fr,https://www.nrpyrenees.fr/,IPG,0130 Y 94152
EDP SCIENCES,SAS,91,nss-journal.org,https://www.nss-journal.org,,1126 W 91515
PRESSTIC NUMERAMA,SAS,75,numerama.com,http://www.numerama.com,,0930 W 94946
NOUVELLE SA LA VIE OUVRIERE,SA,93,nvo.fr,http://www.nvo.fr,IPG,1026 Y 91098
SOCIETE FRANCAISE DE MARKETING DIRECT,EURL,30,objectifgard.com,http://www.objectifgard.com,IPG,0929 Y 91529
ARTEFAKT,SAS,22,occidentis.fr,http://www.occidentis.fr,,0326 W 95264
MAISON DES JOURNALISTES,Association,75,œil-maisondesjournalistes.fr,https://www.oeil-maisondesjournalistes.fr,39bisA,0126 Z 93080
OFF INVESTIGATION,SASU,92,off-investigation.fr,http://www.off-investigation.fr,IPG,1129 Y 95025
L'OISE AGRICOLE,SARL,60,oise-agricole.fr,http://www.oise-agricole.fr,39bisB,0329 X 93880
SOCIETE DE PRESSE DE L'OISE,SA,60,oisehebdo.fr,http://www.oisehebdo.fr/,IPG,0127 Y 94170
Observatoire des Journalistes et de l’Information médiatique (OJIM),Association,75,ojim.fr,http://www.ojim.fr,,0526 W 95437
OBSIDIENNE FINANCE,SARL,78,olivieranger.com,http://www.olivieranger.com,,1026 W 92431
FONDATION OFFICE CHRETIEN DES PERSONNES HANDICAPEES,,75,ombresetlumiere.fr,https://www.ombresetlumiere.fr/,39bisA,0331 Z 95545
OMERTA MEDIA,SASU,92,omertamedia.fr,http://www.omertamedia.fr,IPG,0530 Y 95121
ON HEALTH,SAS,21,on-health.tv,http://www.on-health.tv,39bisB,0526 X 95302
PUBLICATIONS AGORA FRANCE,SARL,75,OPA Business Club - Newsletter,OPA Business Club - Newsletter,,0626 W 93942
OPTION FINANCE,SAS,75,optionfinance.fr,http://www.optionfinance.fr,39bisA,0627 Z 91411
ORIENT XXI,Association,75,orientxxi.info,http://orientxxi.info,IPG,0127 Y 92595
TM MEDIA - THOMAS MOYSAN EI,Micro-entrepreneur,45,orleanscapitale.fr,https://www.orleans-capitale.fr/,39bisB,0526 X 95444
ASTRAION,SARL,92,orthodoxie.com,http://orthodoxie.com,,0626 W 92364
SOCIETE OUEST France,SA,35,ouest-france.fr,https://www.ouest-france.fr/,IPG,1230 Y 90832
Mehr Licht,SAS,69,ourscom.fr,https://www.ourscom.fr,39bisB,0528 X 94249
OUTREMERS 360°,SAS,75,outremers360.com,http://outremers360.com,IPG,0929 Y 93007
OUTSIDE MEDIA,SAS,74,outside.fr,http://www.outside.fr,,0631 W 94201
PUBLICATIONS AGORA FRANCE,SARL,75,Oxford Dividendes Club - Newsletter,Oxford Dividendes Club - Newsletter,,0526 W 95299
PUBLICATIONS AGORA FRANCE,SARL,75,Oxford Elite Rendements - Newsletter,Oxford Elite Rendements - Newsletter,,1026 W 95342
LES GAZETTES,Association,80,oyezoyez.fr,https://www.oyezoyez.fr,,0628 W 95568
WEBEDIA,SA,92,ozap.com,http://www.ozap.com,,1029 W 90250
IDOL MEDIA,SARL,75,pan-african-music.com,http://pan-african-music.com,39bisB,0626 X 93200
PYC MEDIA,SAS,75,papetierdefrance.com,http://www.papetierdefrance.com,39bisB,0328 X 95091
PARALLELE SUD,Association,97,parallelesud.com,http://www.parallelesud.com,IPG,0630 Y 95147
UNI MEDIAS,SAS,75,parents.fr,http://www.parents.fr,,0130 W 92043
PARIS MATCH,SASU,75,parismatch.com,http://www.parismatch.com,IPG,0131 Y 90107
PARIS NORMANDIE,SAS,76,paris-normandie.fr,https://www.paris-normandie.fr/,IPG,0631 Y 90224
MATCHEM,SAS,75,paris-turf.com,http://www.paris-turf.com,,0127 W 91244
LES EDITIONS PAYS,SAS,75,"Pays, la newsletter qui nous entoure - Newsletter","Pays, la newsletter qui nous entoure - Newsletter",39bisA,0628 Z 95567
PAYSAN BRETON,SAS,22,paysan-breton.fr,http://www.paysan-breton.fr,39bisA,1026 Z 91096
Société d'éditions rurales et agricoles de Lorraine - SERAL,SARL,54,paysanlorrain.agri-info-nordest.fr,https://paysanlorrain.agri-info-nordest.fr/,,1126 W 94767
SOCIETE D'EXPLOITATION DU JOURNAL PAYSANS DE LA LOIRE,SARL,42,paysansdelaloire.fr,http://www.paysansdelaloire.fr,39bisA,0630 Z 92748
SOCIETE D'EDITION ET DE PRESSE AGRICOLE DU TARN,SARL,81,paysantarnais.com,http://www.paysantarnais.com,39bisB,0729 X 93983
Société d'Edition Vosgienne de la Presse Agricole (SEVPA),SARL,88,paysanvosgien.agri-info-nordest.fr,https://paysanvosgien.agri-info-nordest.fr/,,1126 W 94766
EDITIONS FITAMANT,SARL,29,pdm-seafoodmag.com,http://www.pdm-seafoodmag.com,39bisB,0531 X 94487
EDP SCIENCES,SAS,91,pedagogie-medicale.org,https://www.pedagogie-medicale.org,39bisB,0626 X 91362
LES AMIS DE PENSER C'EST CHOUETTE,Association,75,pensercestchouette.com,http://www.pensercestchouette.com,39bisA,0926 Z 95496
MEDIAS DE PROXIMITE,SAS,31,petitbleu.fr,http://www.petitbleu.fr,IPG,0130 Y 94153
COMPAGNIE DES PUBLICATIONS ET MEDIAS RHONE-ALPES,SAS,38,petit-bulletin.fr,http://www.petit-bulletin.fr,IPG,1030 Y 95226
SOCIÉTÉ NOUVELLE DES PETITES AFFICHES DES ALPES MARITIMES,SARL,06,petitesaffiches.fr,https://www.petitesaffiches.fr,IPG,0628 Y 91024
LES PETITES AFFICHES DES PYRENNEES-ATLANTIQUES,SAS,64,petitesaffiches64.com,http://www.petitesaffiches64.com,,1126 W 94756
ENERSTRATEGIES,SAS,75,Pétrostratégies - Newsletter,Pétrostratégies - Newsletter,39bisB,0629 X 93939
HCR,SAS,01,peuple-libre.fr,https://www.peuple-libre.fr/,IPG,0729 Y 93977
LES EDITIONS DU PHARE,SAS,17,pharedere.com,https://www.pharedere.com,IPG,1128 Y 90877
PR EDITIONS,SAS,92,pharmaceutiques.com,http://www.pharmaceutiques.com,,0526 W 94588
HEALTHINNOV,SASU,75,pharm-enews.fr,http://www.pharm-enews.fr,39bisB,0330 X 95083
PHILO EDITIONS,SAS,75,philomag.com,http://www.philomag.com,IPG,0329 Y 91181
PHILO EDITIONS,SAS,75,philonomist.com,http://www.philonomist.com,IPG,0331 Y 93842
BAYARD,SA,92,phosphore.com,http://www.phosphore.com,,0530 W 90308
PHOTOTREND,SARL,92,phototrend.fr,http://www.phototrend.fr,,0630 W 95144
SOCIETE ANONYME D'EDITION ET DE PUBLICITE - SANEP,SA,68,phr.fr,https://www.phr.fr,,0127 W 92597
GROUPE FRANCE AGRICOLE,SAS,93,phytoma-ldv.com,http://www.phytoma-ldv.com,39bisB,0127 X 94810
PREMIERES LOGES,SARL,75,pianiste.fr,http://www.pianiste.fr,39bisB,0926 X 94687
INFO 2P,SARL,75,pierrepapier.fr,https://www.pierrepapier.fr/,,0626 W 93966
Pioche! Magazine,SAS,37,piochemag.fr,http://www.piochemag.fr,39bisA,1128 Z 94761
BORDEAUX MEDIA,SAS,33,placeco.fr,http://www.placeco.fr,39bisB,1127 X 94371
PLACE GRE' NET,SAS,38,placegrenet.fr,http://www.placegrenet.fr,IPG,1128 Y 93239
Éditions Plan Bio,SASU,77,Plan B(io) - newsletter,Plan B(io) - newsletter,39bisB,1126 X 94375
NEW PLANET MEDIA,SAS,75,planet.fr,http://www.planet.fr,IPG,0526 Y 91368
PRMEDIA,SAS,83,planeterenault.com,http://www.planeterenault.com,,0628 W 95572
LEXING EDITIONS,SARL,75,planeterobots.com,http://www.planeterobots.com,39bisB,0130 X 95391
REWORLD MEDIA MAGAZINES,SAS,92,pleinevie.fr,https://www.pleinevie.fr/,,0327 W 94866
ELO PRESSE,SAS,35,plm-magazine.com,http://www.plm-magazine.com,39bisB,1129 X 94077
PODCASTINE,SARL,33,podcastine.fr,https://podcastine.fr/,IPG,0527 Y 94587
ROYALEMENT VÔTRE EDITIONS,SAS,75,pointdevue.fr,http://www.pointdevue.fr,,0326 W 94501
POINTS DE VENTE,SAS,75,pointsdevente.fr,http://pointsdevente.fr,,0528 W 91837
POLITIS,SAS,75,politis.fr,http://www.politis.fr,IPG,0526 Y 90437
ELO PRESSE,SAS,35,porcmag.com,http://www.porcmag.com,39bisB,1129 X 94078
TRIBELEADR,SAS,92,positivr.fr,https://www.positivr.fr,39bisA,0928 Z 94691
POUR LA SCIENCE,SARL,75,pourlascience.fr,http://www.pourlascience.fr,39bisB,0927 X 91526
POUR L'ECO,SAS,75,pourleco.com,https://www.pourleco.com,39bisA,0727 Z 94260
POURQUOI DOCTEUR,SARL,92,pourquoidocteur.fr,https://www.pourquoidocteur.fr,,0129 W 93085
PREMIERE MEDIA,SARL,75,premiere.fr,http://www.premiere.fr,,0129 W 90647
ASSOCIATION MIEUX PRESCRIRE,Association,75,prescrire.org,http://www.prescrire.org,39bisB,1127 X 95006
PRESSAGRIMED,SA,34,pressagrimed.fr,http://www.pressagrimed.fr,39bisB,0928 X 94685
TRIPALIO,SAS,75,presse.tripalio.fr,https://presse.tripalio.fr/,,0627 W 92752
PRESSELIB'EDITION,SAS,64,presselib.com,https://presselib.com,IPG,0128 Y 90466
ELO PRESSE,SAS,35,processalimentaire.com,http://www.processalimentaire.com,39bisB,1129 X 94079
LES EDITIONS DE BIONNAY,SAS,69,professionpaysagiste.com,http://www.professionpaysagiste.com,39bisB,0627 X 94941
PARRESIA,SAS,92,profession-pharmacien.fr,http://www.profession-pharmacien.fr,39bisB,0626 X 93938
VERON ET COMPAGNIE,SAS,35,profession-recycleur.fr,http://www.profession-recycleur.fr,39bisB,0730 X 95464
AVANTI,SARL,75,profession-sage-femme.com,http://profession-sage-femme.com,,0926 W 93191
PRISMA MEDIA,SAS,92,programme.tv,http://www.programme.tv,,1126 W 94762
BAUER MEDIA FRANCE,SNC,75,programme-television.org,http://www.programme-television.org,,0631 W 92162
PRISMA MEDIA,SAS,92,programme-tv.net,http://www.programme-tv.net,,0929 W 91413
Amélie ACATRINEI-ALDEA,Micro-entrepreneur,93,projetarcadie.com,http://www.projetarcadie.com,39bisA,0526 Z 94949
GROUPE PSYCHOLOGIES,SASU,75,psychologies.com,http://www.psychologies.com,,1126 W 90929
PUBLIC PUBLISHING,SAS,92,public.fr,http://www.public.fr,,0526 W 90931
PUISSANCE GROUP',Association,52,puissancetelevision.fr,http://www.puissancetelevision.fr,IPG,1026 Y 95351
WEBEDIA,SA,92,purebreak.com,http://www.purebreak.com,,1029 W 94649
WEBEDIA,SA,92,purepeople.com,http://www.purepeople.com,,1029 W 94650
HORIZON DURABLE,SAS,92,purepolitique.fr,http://www.purepolitique.fr,39bisA,0130 Z 95055
BEST SELLER CONSULTING,Entreprise individuelle,75,putsch.media,https://putsch.media,39bisA,0526 Z 91787
ISMENE,EURL,91,Qant: IA & TECHS EMERGENTES - Newsletter,Qant: IA & TECHS EMERGENTES - Newsletter,39bisB,0326 X 95420
CONTRE-COURANT,SAS,75,qg.media,https://qg.media/,IPG,0327 Y 94355
UFC QUE CHOISIR,Association,75,quechoisir.org,http://www.quechoisir.org,39bisA,1229 Z 90118
QUI VIVE,Association,13,quivive.fr,https://quivive.fr/,IPG,0528 Y 95558
PORTE A COTE,Association,93,radioparleur.net,https://radioparleur.net/,IPG,0130 Y 93941
EDP SCIENCES,SAS,91,radioprotection.org,http://www.radioprotection.org,39bisB,0331 X 93287
RADIO VOLCANS D'AUVERGNE - RVA,SARL,69,radiorva.com,http://www.radiorva.com,39bisA,0531 Z 95303
SOPHIA HISTOIRE & COLLECTIONS,SAS,75,raids.fr,https://raids.fr,39bisA,1130 Z 93801
SOPHIA HISTOIRE ET COLLECTIONS,SAS,75,raids-aviation.fr,https://raids-aviation.fr/,,1026 W 95353
EDITIONS LA VIE DU RAIL,SA,75,railpassion.fr,http://www.railpassion.fr,39bisB,0628 X 95137
EDP SCIENCES,SAS,91,rairo-ro.org,http://www.rairo-ro.org,,0129 W 93289
RapMinerz MEDIA,Association,75,rapminerz.io,http://www.rapminerz.io,39bisB,1026 X 94917
L'INFO POUR LES MOUVEMENTS SOCIAUX,Association,34,rapportsdeforce.fr,https://rapportsdeforce.fr,IPG,0328 Y 94506
ELO PRESSE,SAS,35,rayon-boissons.com,http://www.rayon-boissons.com,39bisB,1129 X 94080
RADIO CARAIBES INTERNATIONAL MARTINIQUE,SAS,97,rci.fm,http://www.rci.fm,39bisA,1127 Z 95522
REBELLISSIME,SAS,94,rebellissime.com,https://www.rebellissime.com,,0728 W 93150
EDITIONS FITAMANT,SARL,29,referencecarrelage.com,http://www.referencecarrelage.com,39bisB,0328 X 93652
REBUILD.SH,SAS,92,reflets.info,https://reflets.info,IPG,0327 Y 92654
ASSOCIATION REFORME,Association,75,reforme.net,https://www.reforme.net,39bisA,0927 Z 90398
ELAN MEDIAS,SAS,75,regionsmagazine.com,https://www.regionsmagazine.com,IPG,0131 Y 93496
EDITIALIS,SASU,92,relationclientmag.fr,https://www.relationclientmag.fr/,,0131 W 90477
RELIKTO,Association,76,relikto.com,http://www.relikto.com,,0128 W 95533
REMBOBINE MEDIA,Association,93,rembobine.info,http://www.rembobine.info,39bisA,0531 Z 95270
LE JOURNAL REMIREMONTVALLEES.COM,Association,88,remiremontvallees.com,https://remiremontvallees.com,IPG,0331 Y 93852
LA RENAISSANCE LOCHOISE,SARL,37,renaissancelochoise.com,https://renaissancelochoise.com/,IPG,0929 Y 94019
ENVIE DE PLUME,EURL,35,rennes-infos-autrement.fr,http://www.rennes-infos-autrement.fr,,0630 W 93708
REWORLD MEDIA MAGAZINES,SAS,92,reponsesphoto.fr,http://www.reponsesphoto.fr,,0329 W 94864
LA PILE (ASSOCIATION POUR UNE PRESSE LIBRE ET ÉCOLOGIQUE),Association,75,reporterre.net,http://www.reporterre.net,IPG,0631 Y 92320
LE REPUBLICAIN LORRAIN,SA,57,republicain-lorrain.fr,http://www.republicain-lorrain.fr,IPG,0726 Y 93147
REUSSIR,SA,14,reussir.fr,http://www.reussir.fr,,0428 W 93664
INF'AGRI 72,SARL,72,reussir-agri72.fr,http://www.reussir-agri72.fr,39bisB,1128 X 93791
SOCIETE D'EDITIONS RURALES PERIGORDINES (SERP),SA,24,reussirleperigord.fr,http://www.reussirleperigord.fr,IPG,0928 Y 93767
Société d'édition et de publication agricole de Lozère (SEPAL),SARL,48,reveillozere.fr,http://www.lereveillozere.fr,,0726 W 94647
SAABRE,SAS,67,revolution-energetique.com,https://www.revolution-energetique.com,39bisB,0930 X 95185
INDIGO EDITIONS,SAS,75,revue21.fr,http://www.revue21.fr,IPG,0626 Y 94972
EDICA,SARL,10,revueagricole10.com,http://www.revueagricole10.com,,0629 W 93928
EDITIONS FITAMANT,SARL,29,revue-alimentation-animale.fr,http://www.revue-alimentation-animale.fr,39bisB,0128 X 93569
LA REVUE BANQUE,SARL,75,revue-banque.fr,http://www.revue-banque.fr,39bisB,0127 X 93291
SOCIETE D'EDITION ET DE PRESSE ANTEIOS,SARL,75,revueconflits.com,http://www.revueconflits.com,IPG,0629 Y 95322
GERIAMED,SASU,92,revuedegeriatrie.fr,https://www.revuedegeriatrie.fr/,39bisB,0126 X 92217
SEPRECOM,SARL,75,revue-elements.com,https://www.revue-elements.com/,39bisA,0726 Z 94252
REVUE EXPERTS,SARL,75,revue-experts.com,https://www.revue-experts.com,39bisB,0627 X 91415
REVUE FAR OUEST,SAS,33,revue-farouest.fr,http://www.revue-farouest.fr,IPG,0430 Y 93665
GROUPE REVUE FIDUCIAIRE,SAS,75,revuefiduciaire.grouperf.com,http://revuefiduciaire.grouperf.com,,0329 W 92221
La Déferlante,SAS,93,revueladeferlante.fr,http://www.revueladeferlante.fr,39bisA,0927 Z 94321
ARCHEMEDIAS,SARL,31,revue-natives.com,http://www.revue-natives.com,39bisA,0626 Z 94931
OPH-Communication,SARL,67,revue-ophtalmologie-francaise.fr,http://www.revue-ophtalmologie-francaise.fr,,0326 W 94510
R2P,SAS,75,revuepolitique.fr,http://www.revuepolitique.fr,IPG,0629 Y 93103
CENTRE DE RECHERCHE ET D'ACTION SOCIALES - CERAS,Association,93,revue-projet.com,http://www.revue-projet.com,IPG,0930 Y 92796
GROUPE REVUE FIDUCIAIRE,SAS,75,rfcomptable.grouperf.com,http://rfcomptable.grouperf.com,,0329 W 92227
GROUPE REVUE FIDUCIAIRE,SAS,75,rfconseil.grouperf.com,http://rfconseil.grouperf.com,,0329 W 92228
MARTIN MEDIA,SAS,55,rfgenealogie.com,https://www.rfgenealogie.com,39bisB,1127 X 93529
KEPHREN PUBLISHING,SASU,92,rfht.fr,http://www.rfht.fr,39bisB,0531 X 95056
FRANCE MEDIAS MONDE,SA,92,rfi.fr,https://www.rfi.fr,IPG,0929 Y 92422
GROUPE REVUE FIDUCIAIRE,SAS,75,rfpaye.grouperf.com,http://rfpaye.grouperf.com,,0329 W 92229
GROUPE REVUE FIDUCIAIRE,SAS,75,rfsocial.grouperf.com,http://rfsocial.grouperf.com,,0329 W 92230
NEWS TANK RH,SAS,75,rh.newstank.fr,https://rh.newstank.fr,,0929 W 93492
Rightbrain,Micro-entrepreneur,75,rightbrain-magazine.com,https://rightbrain-magazine.com/,39bisA,0926 Z 95495
HEALTH & CO,SARL,69,risqual.net,http://www.risqual.net,39bisB,0926 X 94991
GABRIEL ZIGNANI,Micro-entrepreneur,92,Ristretto - Newsletter,Ristretto - Newsletter,,0326 W 95265
FONDATION ROBERT SCHUMAN,Association,75,robert-schuman.eu,https://www.robert-schuman.eu,39bisA,1026 Z 91031
EDITIONS LARIVIERE,SAS,92,rocknfolk.com,http://www.rocknfolk.com,,0527 W 94903
RS France,SAS,75,rollingstone.fr,http://www.rollingstone.fr,39bisA,1130 Z 92412
DEJANIRE PUBLICATIONS,SAS,92,rsedatanews.net,http://www.rsedatanews.net,IPG,0529 Y 93382
REPORTERS SANS FRONTIERES,Association,75,rsf.org,http://rsf.org,,0331 W 90542
M6 DISTRIBUTION DIGITAL,SAS,92,rtl.fr,http://www.rtl.fr,IPG,0527 Y 92101
PRESSBOX,SARL,33,rue89bordeaux.com,http://rue89bordeaux.com,IPG,0328 Y 93009
SIX NEUF MEDIAS,SCOP,69,rue89lyon.fr,https://www.rue89lyon.fr,IPG,0327 Y 91301
MEDIALAB,SARL,67,rue89strasbourg.com,http://www.rue89strasbourg.com,IPG,0927 Y 91524
MIDOL SPORT,SAS,31,rugbyrama.fr,http://www.rugbyrama.fr,,0130 W 95392
RURAL,SAS,44,rural-lemedia.fr,http://www.rural-lemedia.fr,IPG,0628 Y 95569
VOSGES INFO PUB,SAS,88,saintdieinfo.fr,https://saintdieinfo.fr/,IPG,0327 Y 94212
PYC MEDIA,SAS,75,sallespropres.fr,http://sallespropres.fr/,,0127 W 91237
SANS DOUTE,SAS,75,sansdoute.info,http://www.sansdoute.info,39bisA,0326 Z 95424
LA MAISON DES POSSIBLES,SCOP,29,sans-transition-magazine.info,http://www.sans-transition-magazine.info/,39bisA,0328 Z 93004
SANTE & TRAVAIL,,75,sante-et-travail.fr,http://www.sante-et-travail.fr,,0526 W 92809
ALLIEDHEALTH,SAS,13,santelog.com,https://www.santelog.com,39bisB,1226 X 90059
UNI MEDIAS,SAS,75,santemagazine.fr,http://www.santemagazine.fr,,0927 W 91531
INFODIUM,SASU,75,sante-rh.fr,http://www.sante-rh.fr,39bisB,0326 X 92592
SAPHIR MEDIATION,Association,93,saphirnews.com,https://www.saphirnews.com/,IPG,0330 Y 93333
FREQUENCES,SASU,75,satellifacts.com,https://www.satellifacts.com/,39bisB,1229 X 90061
FINANCE MAG,SAS,33,say.media,http://www.say.media,39bisA,1126 Z 94746
SC MEDIAS,SAS,75,sceneweb.fr,http://www.sceneweb.fr,,1127 W 90655
REWORLD MEDIA MAGAZINES,SAS,92,science-et-vie.com,https://www.science-et-vie.com,39bisB,0627 X 91828
REWORLD MEDIA MAGAZINES,SAS,92,science-et-vie-junior.fr,http://www.science-et-vie-junior.fr,39bisB,0329 X 94865
SCIENCES-CRITIQUES,Association,78,sciences-critiques.fr,https://sciences-critiques.fr,39bisB,0528 X 93089
EDITIONS CROQUE FUTUR,SAS,75,sciencesetavenir.fr,http://www.sciencesetavenir.fr,39bisA,0328 Z 90465
SCIENCES HUMAINES COMMUNICATION,SAS,89,scienceshumaines.com,https://www.scienceshumaines.com,39bisA,0528 Z 93104
TOUS AU BAIN!,SARL,75,sdbpro.fr,https://www.sdbpro.fr/,,0926 W 94033
TECHNOPRESSE,SARL,75,security-info.com,http://www.security-info.com,39bisB,0328 X 95549
LES CAHIERS DU MINERVOIS,Association,34,semaineduminervois.com,http://www.semaineduminervois.com,IPG,0127 Y 94813
SOCIETE NOUVELLE SEMEUR HEBDO,SARL,63,semeur.com,http://www.semeur.com,IPG,1126 Y 94119
AGENCE D'EDITION MEDICALE (AEI),SARL,75,sep-news.com,http://www.sep-news.com,,1026 W 93319
JABA MEDIA,SAS,75,serieously.com,http://www.serieously.com,,0928 W 94680
PYC MEDIA,SAS,75,services-proprete.fr,http://services-proprete.fr,,0127 W 91238
SHINE MEDIA,SAS,69,siecledigital.fr,http://www.siecledigital.fr,,0329 W 94868
CPMRA,SAS,38,skieur.com,http://www.skieur.com,,1130 W 95086
E2J2,SAS,75,slate.fr,http://www.slate.fr,IPG,1229 Y 90060
SOCIALTER,SAS,75,socialter.fr,http://www.socialter.fr,IPG,0127 Y 94819
SO PRESS,SAS,75,society-magazine.fr,https://www.society-magazine.fr,,0930 W 92826
SO GOOD,SAS,75,sogoodstories.com,https://www.sogoodstories.com,39bisA,1126 Z 95034
SOUALIGA EDITIONS,SAS,97,soualigapost.com,http://www.soualigapost.com,IPG,1126 Y 94769
Institut de Soudure,Association,93,soudage-et-techniques-connexes.fr,http://www.soudage-et-techniques-connexes.fr,39bisB,0629 X 95316
SEJER,SAS,75,speakeasy-news.com,http://www.speakeasy-news.com,,0327 W 92102
SPLANN !,Association,22,splann.org,https://splann.org,39bisA,0529 Z 94921
NEWS TANK FOOTBALL,SAS,75,sport.newstank.fr,https://sport.newstank.fr,,0930 W 93757
SBC Editions,SAS,75,sportbusiness.club,http://sportbusiness.club/,39bisB,1126 X 94100
MEDIA365,SAS,92,sports.fr,http://www.sports.fr,,0529 W 90108
TELE PAESE,SCIC,20,stampa-paese.com,https://stampa-paese.com/,IPG,1230 Y 95205
S2C,SAS,92,strategies.fr,http://www.strategies.fr,39bisB,0331 X 92039
STREET PRESS,SAS,93,streetpress.com,http://www.streetpress.com,IPG,1026 Y 90833
STUP,SAS,34,stupmedia.com,https://stupmedia.com,39bisA,1126 Z 94770
SOCIETE ANONYME DE PRESSE ET D'EDITION DU SUD OUEST (SAPESO),SA,33,sudouest.fr,http://www.sudouest.fr,IPG,0230 Y 90248
SURF SESSION,SA,64,surfsession.com,http://www.surfsession.com,,0526 W 90887
GIE CFDT PRESSE,GIE,75,syndicalismehebdo.fr,http://www.syndicalismehebdo.fr,39bisA,0728 Z 94638
JOURNALISM.DESIGN,SASU,94,synthmedia.fr,http://www.synthmedia.fr,39bisA,0127 Z 95389
Benoit PANIDIS Conseil,Micro-entrepreneur,33,tchacc.fr,https://tchacc.fr/,,0526 W 95291
BOM PRESSE,SAS,66,tech-imago.fr,http://www.tech-imago.fr,39bisB,1130 X 95216
TELEGRAPH MEDIA GROUP HOLDINGS LIMITED,SARL,,telegraph.co.uk,https://www.telegraph.co.uk,,0730 W 95461
TELEGRENOBLE,SAS,38,telegrenoble.net,http://www.telegrenoble.net,IPG,1027 Y 95512
ESPACE CAPRICORNE PRESSE REUNION,SARL,97,telemagplus.re,http://www.telemagplus.re,,0127 W 94807
TELERAMA,SA,75,telerama.fr,http://www.telerama.fr,IPG,0131 Y 90146
H2 COM,SASU,75,telescopemag.fr,http://www.telescopemag.fr,IPG,1026 Y 95348
REWORLD MEDIA MAGAZINES,SAS,92,telestar.fr,http://www.telestar.fr,,0327 W 91760
MEDIA ET AGRICULTURE,SAS,57,tema-agriculture-terroirs.fr,http://www.tema-agriculture-terroirs.fr,,0529 W 95298
TEMOIGNAGES,SARL,97,temoignages.re,http://www.temoignages.re,,0131 W 92433
TENDANCE OUEST,SARL,50,tendanceouest.com,http://www.tendanceouest.com,IPG,0127 Y 92598
WEBEDIA,SA,92,terrafemina.com,http://www.terrafemina.com,,1029 W 94651
UNION FEDERALE DES SYNDICATS ET ASSOCIATIONS PROFESSIONNELS AGRICOLES DU LIMOUSIN,Association,87,terredactu.com,http://www.terredactu.com,39bisA,0628 Z 91885
SOCIETE D'EDITION DE LA TERRE DAUPHINOISE,SARL,38,terredauphinoise.fr,http://www.terredauphinoise.fr,39bisA,0629 Z 92383
TERRE DE VINS,SASU,33,terredevins.com,http://www.terredevins.com,39bisB,0629 X 90880
MEDIA DATA SERVICES,SAS,60,terre-net.fr,http://www.terre-net.fr,39bisB,0329 X 92243
SOCIETE DE PRESSE RURALE ET DES TERRITOIRES,SARL,59,terres-et-territoires.com,https://terres-et-territoires.com,IPG,0128 Y 93574
LES TERRESTRES,Association,19,terrestres.org,http://www.terrestres.org/,IPG,0531 Y 94396
Territoires Audacieux,Association,75,Territoires Audacieux - Newsletter,Territoires Audacieux - Newsletter,,0127 W 94207
TERRITOIRE(S) EDITIONS,SASU,97,territoires.media,http://www.territoires.media,IPG,0730 Y 95462
TEST&WORK,Association,75,Test & Work - Newsletter,Test & Work - Newsletter,,0526 W 95438
TETU,SAS,75,tetu.com,http://tetu.com,IPG,0131 Y 92693
LA CHAINE INFO LCI,SCS,92,tf1info.fr,https://www.tf1info.fr,IPG,1127 Y 94381
PUBLICATIONS AGORA FRANCE,SARL,75,The Oxford Communiqué - Newsletter,The Oxford Communiqué - Newsletter,,0330 W 95090
COULISSES EDITIONS,Association,75,theatral-magazine.com,http://www.theatral-magazine.com,,1127 W 90648
The Big Whale,SAS,75,thebigwhale.io,https://www.thebigwhale.io,39bisB,0629 X 94960
THE CONVERSATION FRANCE,Association,75,theconversation.com,https://theconversation.com,IPG,1127 Y 92892
Influencia,SAS,92,thegood.fr,https://www.thegood.fr/,39bisB,0930 X 95178
COTE MAISON,SAS,92,thegoodlife.fr,https://thegoodlife.fr/,,0530 W 93145
GENERATION META,SAS,75,themeta.news,https://www.themeta.news,,0926 W 94014
THE WOMEN'S VOICES,SAS,92,thewomensvoices.fr,http://www.thewomensvoices.fr,IPG,0928 Y 94690
TIKOGRAPHIE,Association,63,tikographie.fr,http://www.tikographie.fr,39bisA,0328 Z 94502
TimeforMed,SAS,92,Timefornews - Newsletter,Timefornews - Newsletter,39bisB,0328 X 95550
LOIRE TELE,SA,42,tl7.fr,http://www.tl7.fr,IPG,0527 Y 94582
MARLAU EDITIONS,SAS,75,tolerie-mag.com,http://www.tolerie-mag.com,IPG,0631 Y 94496
REWORLD MEDIA MAGAZINES,SAS,92,topsante.com,https://www.topsante.com,,1127 W 91599
TOTAL MUSIQUES,SAS,67,totalbaroque.com,http://www.totalbaroque.com,39bisB,0527 X 95445
DARK SIDE MEDIA (DS MEDIA),SARL,31,touleco.fr,http://www.touleco.fr,,0129 W 91225
TOURMAG.COM,SARL,13,tourmag.com,http://www.tourmag.com,,1226 W 90116
TOUTEDUC,SARL,75,touteduc.fr,http://www.touteduc.fr,39bisA,0327 Z 90416
TOUTE L'EUROPE,GIE,75,touteleurope.eu,http://www.touteleurope.eu,39bisA,0530 Z 90422
AWEBNET,Association,25,toutmontbeliard.com,http://www.toutmontbeliard.com,,0926 W 93192
INFOMEDIA,SAS,75,toutsurmesfinances.com,https://www.toutsurmesfinances.com,,0630 W 93724
VICINI CECILE,Micro-entrepreneur,57,tpeactu.fr,https://tpeactu.fr/,,1127 W 95524
PRISMA MEDIA,SAS,92,Trackers - Newsletter,Trackers - Newsletter,39bisB,1027 X 95511
NEXTINTERACTIVE,SAS,75,tradingsat.com,https://www.tradingsat.com/,,0926 W 90725
PROMOTION PRESSE INTERNATIONALE,SAS,75,traitementsetmateriaux.fr,http://traitementsetmateriaux.fr,39bisB,0330 X 91239
NEWS TANK TRANSITIONS,SAS,75,transitions.newstank.eu,https://transitions.newstank.eu,,0128 W 95532
Back Wheel,SARL,91,transitionvelo.com,http://www.transitionvelo.com,,1130 W 95168
TRANSONORE,Association,93,transonore.fr,https://transonore.fr/,,0127 W 95396
EDITIONS LARIVIERE,SAS,92,transportinfo.fr,http://www.transportinfo.fr,,0327 W 94849
SUD EST PRESSE,SAS,06,tribuca.net,https://tribuca.net,39bisA,1129 Z 93536
PROMOTION PRESSE INTERNATIONALE,SAS,75,tribune-auto-ecoles.fr,https://www.tribune-auto-ecoles.fr,,1028 W 92126
LA PETITE VOIE,Association,75,tribunechretienne.com,http://www.tribunechretienne.com,,1026 W 95338
VERON ET COMPAGNIE,SAS,35,tribune-de-la-siderurgie.fr,http://www.tribune-de-la-siderurgie.fr,39bisB,0730 X 95465
ROSEBUD,SA,69,tribunedelyon.fr,https://tribunedelyon.fr/,,0131 W 91528
VERON ET COMPAGNIE,SAS,35,tribune-des-metaux.fr,http://www.tribune-des-metaux.fr,39bisB,0730 X 95466
MK2 PUBLISHING,SASU,75,troiscouleurs.fr,http://www.troiscouleurs.fr,39bisB,1026 X 95339
Digital Prisma Players,SAS,92,turbo.fr,http://www.turbo.fr,,1126 W 91880
MEDIA DE L'OUEST PARISIEN,SA,78,tv78.com,https://tv78.com/,39bisA,0727 Z 95458
BFC MARKETING,SAS,30,tvsudmagazine.fr,http://www.tvsudmagazine.fr,IPG,0327 Y 95413
ABM,SAS,34,twinplus.fr,http://www.twinplus.fr,39bisB,0330 X 95076
UNIDIVERS,Association,35,unidivers.fr,http://www.unidivers.fr,39bisA,0629 Z 91424
COMINFOP,SARL,76,union-agricole.fr,http://www.union-agricole.fr,39bisB,0729 X 93971
INF'AGRI 19,SARL,19,union-paysanne.com,http://www.union-paysanne.com,39bisB,0326 X 94492
URBANIA France,SASU,75,urbania.fr,http://www.urbania.fr,39bisA,0528 Z 94598
PUBLICATIONS D'ARCHITECTURE ET D'URBANISME,SARL,75,urbanisme.fr,https://www.urbanisme.fr/,39bisB,0526 X 94593
USBEK ET RICA,SAS,75,usbeketrica.com,https://usbeketrica.com,IPG,0129 Y 93300
IPD,SAS,94,usine-digitale.fr,https://www.usine-digitale.fr,39bisA,0927 Z 92803
IPD,SAS,94,usinenouvelle.com,http://www.usinenouvelle.com,39bisA,1226 Z 90091
VAMEDIA,SARL,59,va-infos.fr,http://www.va-infos.fr,,0926 W 92434
VALMONDE ET CIE - COMPAGNIE FRANCAISE DE JOURNAUX,SAS,92,valeursactuelles.com,http://www.valeursactuelles.com,IPG,0631 Y 90652
LES PUBLICATIONS CONDE NAST,SASU,75,vanityfair.fr,http://www.vanityfair.fr,,0126 W 94434
EDITIONS LARIVIERE,SAS,92,vanlifemag.fr,http://www.vanlifemag.fr,,0527 W 94904
SOCIETE DES EDITIONS DU VAUCLUSE AGRICOLE - SEVA,SARL,84,vaucluse-agricole.com,http://www.vaucluse-agricole.com,39bisB,0926 X 91036
RC MEDIA,SAS,38,vcoaching.com,https://www.vcoaching.com,39bisB,1127 X 95523
L'ECHO EDITION,SAS,84,vegetable.fr,http://www.vegetable.fr,39bisB,0530 X 95442
SPORT 101,SARL,06,velo101.com,http://www.velo101.com,,1126 W 90395
"INFAGRI 85, AGRI 85, Vendée Agricole, Racines",SARL,85,vendee-agricole.fr,https://vendee-agricole.fr,39bisB,0129 X 93838
ATLANTIQUE ENERGIE,Micro-entrepreneur,49,vendeeinfo.fr,http://www.vendeeinfo.fr/,,0927 W 94071
VERT,SAS,75,vert.eco,https://vert.eco,IPG,0127 Y 94155
VERTIGE COMPANY,SAS,75,vertigemedia.fr,http://www.vertigemedia.fr,39bisB,0926 X 95497
Société d’Edition Meusienne de la Presse Agricole - SEMPA,SARL,55,vieagricole-meuse.fr,https://www.vieagricole-meuse.fr/,,1126 W 94765
COMPO ECHOS,SARL,33,vie-economique.com,https://www.vie-economique.com,,1130 W 94373
CLUB DE L'ARCHE 2.0,Association,49,villeintelligente-mag.fr,https://www.villeintelligente-mag.fr/,39bisA,0626 Z 93927
EDITIONS LA VIE DU RAIL,SA,75,ville-rail-transports.com,http://www.ville-rail-transports.com,,0127 W 90217
REUX JULIE,Micro-entrepreneur,44,vinofutur.fr,http://www.vinofutur.fr,39bisB,0926 X 95494
GROUPE FRANCE AGRICOLE,SAS,93,vitisphere.com,http://www.vitisphere.com,,0327 W 93335
COOPERATIVE D'EDITION DE LA VIE MUTUALISTE,SA,93,vivamagazine.fr,http://www.vivamagazine.fr,,0531 W 90883
Vivant l'Asso,Association,86,vivant-le-media.fr,http://vivant-le-media.fr/,39bisA,0727 Z 94257
PARALLELE MEDIA,SAS,75,vl-media.fr,https://vl-media.fr,39bisA,0527 Z 93885
LES PUBLICATIONS CONDE NAST,SASU,75,vogue.fr,http://www.vogue.fr,,0126 W 94435
PRISMA MEDIA,SAS,92,voici.fr,http://www.voici.fr,,0230 W 90269
EDITIONS LARIVIERE,SAS,92,voileetmoteur.com,http://www.voileetmoteur.com,,0327 W 94850
SOCIETE D'EDITION DE REVUES NATIONALES SPECIALISEES (SERNAS),SAS,35,Voiles et voiliers - Application,Voiles et voiliers - Application,,0527 W 90070
CORRESPONDANCES,SASU,57,voisins-nachbarn.eu,http://www.voisins-nachbarn.eu,IPG,0927 Y 94674
VOSGES INFO PUB,SAS,88,vosgesinfo.fr,https://vosgesinfo.fr/,IPG,0327 Y 94211
LA LIBERTE DE L'EST,SA,88,vosgesmatin.fr,http://www.vosgesmatin.fr,IPG,0726 Y 90315
CASDEN BANQUE POPULAIRE,SCOP,77,vousnousils.fr,http://www.vousnousils.fr,,0531 W 91299
VSTUDIO,SAS,75,Voxe - Newsletter,Voxe - Newsletter,IPG,0528 Y 94600
VOXEUROP,SCE,75,voxeurop.eu,http://www.voxeurop.eu,IPG,0327 Y 92639
VSD Publishing,SAS,92,vsd.fr,http://www.vsd.fr,,0526 W 90621
TERRE DE VIGNES,SARL,75,vsnews.fr,http://www.vsnews.fr,39bisB,0531 X 91839
WANSQUARE,SAS,75,wansquare.com,http://www.wansquare.com,,0528 W 90147
WARNING TRADING,SASU,13,warning-trading.com,https://www.warning-trading.com,,0328 W 93802
WP COMPANY LLC,SARL,20,washingtonpost.com,http://www.washingtonpost.com,,1128 W 94774
MACGENERATION,SARL,69,watchgeneration.fr,http://www.watchgeneration.fr,,0127 W 94157
MEDIA DATA SERVICES,SAS,60,web-agri.fr,http://www.web-agri.fr,39bisB,0127 X 92593
WEB LEX,SAS,44,weblex.fr,http://www.weblex.fr,,0926 W 92436
WE DEMAIN,SARL,75,wedemain.fr,http://www.wedemain.fr,IPG,1126 Y 92435
WEEKULT. MEDIA,Association,33,weekult.com,https://www.weekult.com/,39bisB,1026 X 95343
SOCIETE DE TELEVISION MULTILOCALE DU NORD PAS DE CALAIS,SA,59,weo.fr,http://www.weo.fr,,1127 W 95519
WHART,SAS,93,"Whart - Application
plication",Whart - Application,39bisA,0128 Z 95534
PLANETE MED,SARL,75,whatsupdoc-lemag.fr,http://www.whatsupdoc-lemag.fr,39bisB,1126 X 95371
CPMRA,SAS,38,widermag.com,http://www.widermag.com,,1130 W 95115
NIVIS MEDIAS,SAS,38,windmag.com,http://www.windmag.com,,1128 W 95222
PYC MEDIA,SAS,75,workplacemagazine.fr,http://workplacemagazine.fr,,0127 W 91234
WORLDCRUNCH,SAS,75,worldcrunch.com,https://www.worldcrunch.com,IPG,0330 Y 90866
INFOW!,SAS,67,wow-news.eu,http://www.wow-news.eu,39bisA,1127 Z 94380
27 MARS,SASU,93,xrmust.com,http://www.xrmust.com,39bisB,0926 X 94497
YOUMATTER,SASU,75,youmatter.world,https://youmatter.world/,39bisA,1126 Z 94110
CUP INTERACTIVE,SASU,75,zdnet.fr,http://www.zdnet.fr,,0627 W 90096
YZE PRESSE,SAS,75,zebre-et-compagnie.fr,http://www.zebre-et-compagnie.fr,39bisA,1130 Z 95224
LA ZONE D'EXPRESSION PRIORITAIRE,Association,93,zep.media,https://zep.media/,,0528 W 93077
PUBLICATIONS AGORA FRANCE,SARL,75,Zero Carbone Millionnaire - NewsLetter,Zero Carbone Millionnaire - NewsLetter,,0129 W 94818
Zinfos 974,SARL,97,zinfos974.com,http://www.zinfos974.com,IPG,0631 Y 90335
SURPERFORMANCE,SAS,74,zonebourse.com,http://www.zonebourse.com,39bisB,1127 X 94395
ZOOMDICI,SARL,43,zoomdici.fr,http://www.zoomdici.fr,IPG,0530 Y 91844
